[2026-06-08 22:16:44]: Downloading: https://www.familysearch.org/auth/familysearch/login
[2026-06-08 22:16:46]: Logging in: https://ident.familysearch.org/login
[2026-06-08 22:16:46]: Getting an authorization code: https://ident.familysearch.org/cis-web/oauth2/v3/authorization
[2026-06-08 22:16:48]: Exchanging for an access token: https://ident.familysearch.org/cis-web/oauth2/v3/token
[2026-06-08 22:16:48]: Downloading: /platform/users/current
[2026-06-08 22:16:49]: Status code: 200
[2026-06-08 22:16:49]: Downloading: /platform/tree/persons?pids=P631-4WH
[2026-06-08 22:16:49]: Status code: 200
[2026-06-08 22:16:49]: Downloading: /platform/memories/memories/242555601
[2026-06-08 22:16:49]: Status code: 200
[2026-06-08 22:16:49]: Downloading: /platform/tree/persons?pids=GY8B-R1X,P6Q3-Y38
[2026-06-08 22:16:51]: Status code: 200
[2026-06-08 22:16:51]: Downloading: /platform/tree/persons/P6Q3-Y38/sources
[2026-06-08 22:16:51]: Downloading: /platform/tree/persons/GY8B-R1X/sources
[2026-06-08 22:16:51]: Status code: 200
[2026-06-08 22:16:51]: Downloading: /platform/memories/memories/242391337
[2026-06-08 22:16:51]: Status code: 200
[2026-06-08 22:16:51]: Downloading: /platform/memories/memories/242556068
[2026-06-08 22:16:52]: Status code: 200
[2026-06-08 22:16:52]: Status code: 200
[2026-06-08 22:16:52]: Downloading: /platform/tree/persons?pids=GY8B-RF3,GMGB-V7Q,GMG3-M9X,G77C-7M8
[2026-06-08 22:16:53]: Status code: 200
[2026-06-08 22:16:53]: Downloading: /platform/tree/persons/GMGB-V7Q/sources
[2026-06-08 22:16:53]: Downloading: /platform/tree/persons/G77C-7M8/sources
[2026-06-08 22:16:53]: Downloading: /platform/tree/persons/GY8B-RF3/sources
[2026-06-08 22:16:53]: Downloading: /platform/tree/persons/GMG3-M9X/sources
[2026-06-08 22:16:53]: Status code: 200
[2026-06-08 22:16:53]: Downloading: /platform/memories/memories/242381773
[2026-06-08 22:16:54]: Status code: 200
[2026-06-08 22:16:54]: Status code: 200
[2026-06-08 22:16:54]: Downloading: /platform/memories/memories/242382890
[2026-06-08 22:16:55]: Status code: 200
[2026-06-08 22:16:55]: Downloading: /platform/memories/memories/232629270
[2026-06-08 22:16:55]: Status code: 200
[2026-06-08 22:16:56]: Status code: 200
[2026-06-08 22:16:56]: Status code: 200
[2026-06-08 22:16:56]: Downloading: /platform/memories/memories/242381844
[2026-06-08 22:16:57]: Status code: 200
[2026-06-08 22:16:57]: Downloading: /platform/tree/persons?pids=L2SN-7CX,PWQ7-CSY,LZR3-Q9W,GC68-396,LHW3-Q2D,LWW5-1G1,PWQQ-KHK,L2SN-7F4
[2026-06-08 22:16:57]: Status code: 200
[2026-06-08 22:16:57]: Downloading: /platform/tree/persons/L2SN-7CX/sources
[2026-06-08 22:16:57]: Downloading: /platform/tree/persons/GC68-396/sources
[2026-06-08 22:16:57]: Downloading: /platform/tree/persons/PWQQ-KHK/sources
[2026-06-08 22:16:57]: Downloading: /platform/tree/persons/PWQ7-CSY/sources
[2026-06-08 22:16:57]: Downloading: /platform/tree/persons/L2SN-7F4/sources
[2026-06-08 22:16:57]: Downloading: /platform/tree/persons/LWW5-1G1/sources
[2026-06-08 22:16:57]: Downloading: /platform/tree/persons/LZR3-Q9W/sources
[2026-06-08 22:16:57]: Downloading: /platform/tree/persons/LHW3-Q2D/sources
[2026-06-08 22:16:58]: Status code: 200
[2026-06-08 22:16:59]: Status code: 200
[2026-06-08 22:16:59]: Status code: 200
[2026-06-08 22:17:00]: Status code: 200
[2026-06-08 22:17:00]: Status code: 200
[2026-06-08 22:17:00]: Downloading: /platform/memories/memories/242382062
[2026-06-08 22:17:00]: Status code: 200
[2026-06-08 22:17:00]: Downloading: /platform/memories/memories/242382405
[2026-06-08 22:17:01]: Status code: 200
[2026-06-08 22:17:01]: Downloading: /platform/memories/memories/242382431
[2026-06-08 22:17:01]: Status code: 200
[2026-06-08 22:17:02]: Status code: 200
[2026-06-08 22:17:02]: Status code: 200
[2026-06-08 22:17:03]: Status code: 200
[2026-06-08 22:17:03]: Downloading: /platform/memories/memories/242382116
[2026-06-08 22:17:03]: Status code: 200
[2026-06-08 22:17:03]: Downloading: /platform/tree/persons?pids=MVJ7-472,K2FR-GQG,9NP3-X96,LY9L-6WX,LZYS-VY1,9NP3-X9N,LHVT-95K,LRGG-RD6,LY9L-DSL,LHVT-SC7,LRGG-5CW,LK74-5XM,PWQN-W1X
[2026-06-08 22:17:04]: Status code: 200
[2026-06-08 22:17:04]: Downloading: /platform/tree/persons/LK74-5XM/sources
[2026-06-08 22:17:04]: Downloading: /platform/tree/persons/LRGG-RD6/sources
[2026-06-08 22:17:04]: Downloading: /platform/tree/persons/LHVT-SC7/sources
[2026-06-08 22:17:04]: Downloading: /platform/tree/persons/LY9L-6WX/sources
[2026-06-08 22:17:04]: Downloading: /platform/tree/persons/9NP3-X9N/sources
[2026-06-08 22:17:04]: Downloading: /platform/tree/persons/MVJ7-472/sources
[2026-06-08 22:17:04]: Downloading: /platform/tree/persons/9NP3-X96/sources
[2026-06-08 22:17:04]: Downloading: /platform/tree/persons/LHVT-95K/sources
[2026-06-08 22:17:04]: Downloading: /platform/tree/persons/LZYS-VY1/sources
[2026-06-08 22:17:04]: Downloading: /platform/tree/persons/LRGG-5CW/sources
[2026-06-08 22:17:04]: Downloading: /platform/tree/persons/LY9L-DSL/sources
[2026-06-08 22:17:04]: Downloading: /platform/tree/persons/K2FR-GQG/sources
[2026-06-08 22:17:04]: Status code: 200
[2026-06-08 22:17:05]: Status code: 200
[2026-06-08 22:17:05]: Downloading: /platform/memories/memories/160412996
[2026-06-08 22:17:06]: Status code: 200
[2026-06-08 22:17:06]: Downloading: /platform/memories/memories/145654904
[2026-06-08 22:17:06]: Status code: 200
[2026-06-08 22:17:06]: Status code: 200
[2026-06-08 22:17:06]: Downloading: /platform/memories/memories/242422424
[2026-06-08 22:17:07]: Status code: 200
[2026-06-08 22:17:08]: Status code: 200
[2026-06-08 22:17:08]: Status code: 200
[2026-06-08 22:17:08]: Status code: 200
[2026-06-08 22:17:09]: Status code: 200
[2026-06-08 22:17:10]: Status code: 200
[2026-06-08 22:17:10]: Status code: 200
[2026-06-08 22:17:10]: Status code: 200
[2026-06-08 22:17:10]: Downloading: /platform/memories/memories/242389021
[2026-06-08 22:17:11]: Status code: 200
[2026-06-08 22:17:11]: Status code: 200
[2026-06-08 22:17:11]: Downloading: /platform/memories/memories/242388984
[2026-06-08 22:17:12]: Status code: 200
[2026-06-08 22:17:12]: Status code: 200
[2026-06-08 22:17:12]: Downloading: /platform/tree/persons?pids=K2FR-LSQ,LKTP-TRK,G9CD-ZP8,KCKH-NTT,MM7W-F69,L1GZ-4KD,LY7N-CYM,KCRB-2YP,GDZH-QJ2,MJ3X-GQ3,G9CD-ZPN,GDZ4-5BL,GH1R-L3V,PWQF-NN2,L7FD-5RS,LKTP-TBL,9Z33-D2Y,L1GZ-CC2,L7G1-ZXB,MRPF-M82,LRGG-YS1,MKSZ-9P3,LJG6-TPL,LRGG-15P,GDZ4-5DC
[2026-06-08 22:17:13]: Status code: 200
[2026-06-08 22:17:13]: Downloading: /platform/tree/persons/9Z33-D2Y/sources
[2026-06-08 22:17:13]: Downloading: /platform/tree/persons/L1GZ-CC2/sources
[2026-06-08 22:17:13]: Downloading: /platform/tree/persons/L1GZ-4KD/sources
[2026-06-08 22:17:13]: Downloading: /platform/tree/persons/L7FD-5RS/sources
[2026-06-08 22:17:13]: Downloading: /platform/tree/persons/GDZ4-5BL/sources
[2026-06-08 22:17:13]: Downloading: /platform/tree/persons/GDZH-QJ2/sources
[2026-06-08 22:17:13]: Downloading: /platform/tree/persons/K2FR-LSQ/sources
[2026-06-08 22:17:13]: Downloading: /platform/tree/persons/LJG6-TPL/sources
[2026-06-08 22:17:13]: Downloading: /platform/tree/persons/MKSZ-9P3/sources
[2026-06-08 22:17:13]: Downloading: /platform/tree/persons/LRGG-YS1/sources
[2026-06-08 22:17:13]: Downloading: /platform/tree/persons/GH1R-L3V/sources
[2026-06-08 22:17:13]: Downloading: /platform/tree/persons/LY7N-CYM/sources
[2026-06-08 22:17:13]: Downloading: /platform/tree/persons/KCRB-2YP/sources
[2026-06-08 22:17:13]: Downloading: /platform/tree/persons/LKTP-TRK/sources
[2026-06-08 22:17:14]: Status code: 200
[2026-06-08 22:17:14]: Downloading: /platform/memories/memories/78797362
[2026-06-08 22:17:14]: Status code: 200
[2026-06-08 22:17:14]: Downloading: /platform/tree/persons/G9CD-ZPN/sources
[2026-06-08 22:17:14]: Status code: 200
[2026-06-08 22:17:14]: Downloading: /platform/memories/memories/78797363
[2026-06-08 22:17:15]: Status code: 200
[2026-06-08 22:17:15]: Downloading: /platform/tree/persons/MJ3X-GQ3/sources
[2026-06-08 22:17:16]: Status code: 200
[2026-06-08 22:17:16]: Downloading: /platform/tree/persons/MM7W-F69/sources
[2026-06-08 22:17:16]: Status code: 200
[2026-06-08 22:17:16]: Downloading: /platform/memories/memories/78797361
[2026-06-08 22:17:16]: Status code: 200
[2026-06-08 22:17:16]: Downloading: /platform/tree/persons/L7G1-ZXB/sources
[2026-06-08 22:17:17]: Status code: 200
[2026-06-08 22:17:17]: Downloading: /platform/tree/persons/LKTP-TBL/sources
[2026-06-08 22:17:17]: Status code: 200
[2026-06-08 22:17:17]: Downloading: /platform/tree/persons/G9CD-ZP8/sources
[2026-06-08 22:17:18]: Status code: 200
[2026-06-08 22:17:18]: Downloading: /platform/tree/persons/KCKH-NTT/sources
[2026-06-08 22:17:19]: Status code: 200
[2026-06-08 22:17:19]: Downloading: /platform/tree/persons/MRPF-M82/sources
[2026-06-08 22:17:19]: Status code: 200
[2026-06-08 22:17:19]: Downloading: /platform/memories/memories/78797361
[2026-06-08 22:17:20]: Status code: 200
[2026-06-08 22:17:20]: Downloading: /platform/tree/persons/LRGG-15P/sources
[2026-06-08 22:17:20]: Status code: 200
[2026-06-08 22:17:20]: Downloading: /platform/tree/persons/GDZ4-5DC/sources
[2026-06-08 22:17:20]: Status code: 200
[2026-06-08 22:17:21]: Status code: 200
[2026-06-08 22:17:21]: Status code: 200
[2026-06-08 22:17:22]: Status code: 200
[2026-06-08 22:17:22]: Status code: 200
[2026-06-08 22:17:23]: Status code: 200
[2026-06-08 22:17:23]: Status code: 200
[2026-06-08 22:17:23]: Downloading: /platform/memories/memories/78790464
[2026-06-08 22:17:24]: Status code: 200
[2026-06-08 22:17:24]: Status code: 200
[2026-06-08 22:17:25]: Status code: 200
[2026-06-08 22:17:25]: Downloading: /platform/memories/memories/78790465
[2026-06-08 22:17:25]: Status code: 200
[2026-06-08 22:17:25]: Downloading: /platform/memories/memories/78171053
[2026-06-08 22:17:26]: Status code: 200
[2026-06-08 22:17:26]: Downloading: /platform/memories/memories/179239871
[2026-06-08 22:17:26]: Status code: 200
[2026-06-08 22:17:27]: Status code: 200
[2026-06-08 22:17:28]: Status code: 200
[2026-06-08 22:17:28]: Downloading: /platform/memories/memories/8554864
[2026-06-08 22:17:28]: Status code: 200
[2026-06-08 22:17:28]: Downloading: /platform/memories/memories/78171054
[2026-06-08 22:17:28]: Status code: 200
[2026-06-08 22:17:28]: Downloading: /platform/memories/memories/78170981
[2026-06-08 22:17:29]: Status code: 200
[2026-06-08 22:17:29]: Downloading: /platform/memories/memories/78170922
[2026-06-08 22:17:29]: Status code: 200
[2026-06-08 22:17:30]: Status code: 200
[2026-06-08 22:17:30]: Downloading: /platform/memories/memories/78790466
[2026-06-08 22:17:30]: Status code: 200
[2026-06-08 22:17:30]: Downloading: /platform/memories/memories/17019674
[2026-06-08 22:17:31]: Status code: 200
[2026-06-08 22:17:31]: Status code: 200
[2026-06-08 22:17:31]: Downloading: /platform/memories/memories/8554719
[2026-06-08 22:17:32]: Status code: 200
[2026-06-08 22:17:32]: Downloading: /platform/memories/memories/78797403
[2026-06-08 22:17:32]: Status code: 200
[2026-06-08 22:17:33]: Status code: 200
[2026-06-08 22:17:33]: Downloading: /platform/memories/memories/78797362
[2026-06-08 22:17:33]: Status code: 200
[2026-06-08 22:17:33]: Downloading: /platform/memories/memories/78797406
[2026-06-08 22:17:34]: Status code: 200
[2026-06-08 22:17:34]: Downloading: /platform/memories/memories/78790462
[2026-06-08 22:17:34]: Status code: 200
[2026-06-08 22:17:34]: Downloading: /platform/memories/memories/78797400
[2026-06-08 22:17:35]: Status code: 200
[2026-06-08 22:17:35]: Downloading: /platform/memories/memories/78797363
[2026-06-08 22:17:35]: Status code: 200
[2026-06-08 22:17:35]: Downloading: /platform/memories/memories/78170935
[2026-06-08 22:17:36]: Status code: 200
[2026-06-08 22:17:36]: Downloading: /platform/tree/persons?pids=L7FD-R77,G7XV-GXF,MK76-PYS,MW3N-WY5,9ZV5-LMN,LD91-39W,M6YV-BWK,MW3N-WYH,GWYB-HGK,GSXV-DNY,ML9Y-9L1,LCD9-K68,LHFK-VWF,KH5H-SHK,MV42-DV8,L7NC-FRB,L79M-QQL,MKW3-MG7,LVMV-N2B,KNSR-4QK
[2026-06-08 22:17:36]: Status code: 200
[2026-06-08 22:17:36]: Downloading: /platform/tree/persons/LVMV-N2B/sources
[2026-06-08 22:17:36]: Downloading: /platform/tree/persons/ML9Y-9L1/sources
[2026-06-08 22:17:36]: Downloading: /platform/tree/persons/MV42-DV8/sources
[2026-06-08 22:17:36]: Downloading: /platform/tree/persons/L7NC-FRB/sources
[2026-06-08 22:17:36]: Downloading: /platform/tree/persons/MW3N-WY5/sources
[2026-06-08 22:17:36]: Downloading: /platform/tree/persons/KH5H-SHK/sources
[2026-06-08 22:17:36]: Downloading: /platform/tree/persons/MK76-PYS/sources
[2026-06-08 22:17:36]: Downloading: /platform/tree/persons/MKW3-MG7/sources
[2026-06-08 22:17:36]: Downloading: /platform/tree/persons/GWYB-HGK/sources
[2026-06-08 22:17:36]: Downloading: /platform/tree/persons/LCD9-K68/sources
[2026-06-08 22:17:36]: Downloading: /platform/tree/persons/M6YV-BWK/sources
[2026-06-08 22:17:36]: Downloading: /platform/tree/persons/9ZV5-LMN/sources
[2026-06-08 22:17:36]: Downloading: /platform/tree/persons/L79M-QQL/sources
[2026-06-08 22:17:36]: Downloading: /platform/tree/persons/L7FD-R77/sources
[2026-06-08 22:17:37]: Status code: 200
[2026-06-08 22:17:37]: Downloading: /platform/memories/memories/78170141
[2026-06-08 22:17:38]: Status code: 200
[2026-06-08 22:17:38]: Downloading: /platform/tree/persons/LD91-39W/sources
[2026-06-08 22:17:38]: Status code: 200
[2026-06-08 22:17:38]: Downloading: /platform/tree/persons/KNSR-4QK/sources
[2026-06-08 22:17:39]: Status code: 200
[2026-06-08 22:17:39]: Downloading: /platform/memories/memories/127825371
[2026-06-08 22:17:39]: Status code: 200
[2026-06-08 22:17:39]: Downloading: /platform/memories/memories/81763723
[2026-06-08 22:17:39]: Status code: 200
[2026-06-08 22:17:39]: Downloading: /platform/memories/memories/58867461
[2026-06-08 22:17:40]: Status code: 200
[2026-06-08 22:17:40]: Downloading: /platform/tree/persons/LHFK-VWF/sources
[2026-06-08 22:17:41]: Status code: 200
[2026-06-08 22:17:41]: Downloading: /platform/tree/persons/MW3N-WYH/sources
[2026-06-08 22:17:41]: Status code: 200
[2026-06-08 22:17:42]: Status code: 200
[2026-06-08 22:17:42]: Status code: 200
[2026-06-08 22:17:43]: Status code: 200
[2026-06-08 22:17:44]: Status code: 200
[2026-06-08 22:17:44]: Status code: 200
[2026-06-08 22:17:44]: Status code: 200
[2026-06-08 22:17:45]: Status code: 200
[2026-06-08 22:17:45]: Status code: 200
[2026-06-08 22:17:46]: Status code: 200
[2026-06-08 22:17:46]: Status code: 200
[2026-06-08 22:17:46]: Downloading: /platform/memories/memories/78170111
[2026-06-08 22:17:46]: Status code: 200
[2026-06-08 22:17:47]: Status code: 200
[2026-06-08 22:17:47]: Status code: 200
[2026-06-08 22:17:48]: Status code: 200
[2026-06-08 22:17:48]: Downloading: /platform/tree/persons?pids=LZ5S-HV6,L4BR-GZ9,LHFK-JBY,LHFB-LGY,LJJ5-85Q,9QF1-M1K,L4H6-1C1,L7BX-CQQ,KVBQ-8MB,LTVJ-B48,LZJ3-TDZ,MD65-ZV4,KD1F-WDZ,LHFJ-Y39,LDHD-5MD,L4T1-MF8,LZKD-41K,MVSF-Y9V,27SW-CBC,LZNJ-9ZL,LTVV-3KP,MD6G-C1X,LZ5S-H2M,KL3D-HMV,M69K-FDF,LZ83-855,LD5C-SX3,LYMY-C7L,LCTJ-1Z2,LD5C-S9N,LCJ5-F68,MD65-ZVL
[2026-06-08 22:17:49]: Status code: 200
[2026-06-08 22:17:49]: Downloading: /platform/tree/persons/KVBQ-8MB/sources
[2026-06-08 22:17:49]: Downloading: /platform/tree/persons/L4H6-1C1/sources
[2026-06-08 22:17:49]: Downloading: /platform/tree/persons/LZ5S-H2M/sources
[2026-06-08 22:17:49]: Downloading: /platform/tree/persons/LDHD-5MD/sources
[2026-06-08 22:17:49]: Downloading: /platform/tree/persons/KD1F-WDZ/sources
[2026-06-08 22:17:49]: Downloading: /platform/tree/persons/LZ5S-HV6/sources
[2026-06-08 22:17:49]: Downloading: /platform/tree/persons/L4BR-GZ9/sources
[2026-06-08 22:17:49]: Downloading: /platform/tree/persons/LHFJ-Y39/sources
[2026-06-08 22:17:49]: Downloading: /platform/tree/persons/MD65-ZV4/sources
[2026-06-08 22:17:49]: Downloading: /platform/tree/persons/L7BX-CQQ/sources
[2026-06-08 22:17:49]: Downloading: /platform/tree/persons/LZKD-41K/sources
[2026-06-08 22:17:49]: Downloading: /platform/tree/persons/MD65-ZVL/sources
[2026-06-08 22:17:49]: Downloading: /platform/tree/persons/27SW-CBC/sources
[2026-06-08 22:17:49]: Downloading: /platform/tree/persons/LD5C-S9N/sources
[2026-06-08 22:17:49]: Status code: 200
[2026-06-08 22:17:49]: Downloading: /platform/tree/persons/LHFK-JBY/sources
[2026-06-08 22:17:50]: Status code: 200
[2026-06-08 22:17:50]: Downloading: /platform/tree/persons/KL3D-HMV/sources
[2026-06-08 22:17:50]: Status code: 200
[2026-06-08 22:17:50]: Downloading: /platform/tree/persons/LYMY-C7L/sources
[2026-06-08 22:17:51]: Status code: 200
[2026-06-08 22:17:51]: Downloading: /platform/tree/persons/MD6G-C1X/sources
[2026-06-08 22:17:51]: Status code: 200
[2026-06-08 22:17:51]: Downloading: /platform/tree/persons/LZJ3-TDZ/sources
[2026-06-08 22:17:52]: Status code: 200
[2026-06-08 22:17:52]: Downloading: /platform/memories/memories/115718959
[2026-06-08 22:17:52]: Status code: 200
[2026-06-08 22:17:52]: Downloading: /platform/tree/persons/MVSF-Y9V/sources
[2026-06-08 22:17:53]: Status code: 200
[2026-06-08 22:17:53]: Downloading: /platform/tree/persons/LZNJ-9ZL/sources
[2026-06-08 22:17:53]: Status code: 200
[2026-06-08 22:17:53]: Downloading: /platform/memories/memories/87905359
[2026-06-08 22:17:54]: Status code: 200
[2026-06-08 22:17:54]: Downloading: /platform/memories/memories/201705039
[2026-06-08 22:17:54]: Status code: 200
[2026-06-08 22:17:54]: Downloading: /platform/memories/memories/15192199
[2026-06-08 22:17:55]: Status code: 200
[2026-06-08 22:17:55]: Downloading: /platform/tree/persons/LTVV-3KP/sources
[2026-06-08 22:17:55]: Status code: 200
[2026-06-08 22:17:55]: Downloading: /platform/memories/memories/15192221
[2026-06-08 22:17:56]: Status code: 200
[2026-06-08 22:17:56]: Downloading: /platform/tree/persons/LZ83-855/sources
[2026-06-08 22:17:56]: Status code: 200
[2026-06-08 22:17:56]: Downloading: /platform/memories/memories/97691695
[2026-06-08 22:17:57]: Status code: 200
[2026-06-08 22:17:57]: Downloading: /platform/memories/memories/106392027
[2026-06-08 22:17:57]: Status code: 200
[2026-06-08 22:17:57]: Downloading: /platform/tree/persons/9QF1-M1K/sources
[2026-06-08 22:17:58]: Status code: 200
[2026-06-08 22:17:58]: Downloading: /platform/memories/memories/98755528
[2026-06-08 22:17:58]: Status code: 200
[2026-06-08 22:17:58]: Downloading: /platform/memories/memories/87905337
[2026-06-08 22:17:59]: Status code: 200
[2026-06-08 22:17:59]: Downloading: /platform/memories/memories/98755529
[2026-06-08 22:17:59]: Status code: 200
[2026-06-08 22:17:59]: Downloading: /platform/tree/persons/LHFB-LGY/sources
[2026-06-08 22:18:00]: Status code: 200
[2026-06-08 22:18:00]: Downloading: /platform/tree/persons/LCTJ-1Z2/sources
[2026-06-08 22:18:00]: Status code: 200
[2026-06-08 22:18:00]: Downloading: /platform/memories/memories/222016946
[2026-06-08 22:18:00]: Status code: 200
[2026-06-08 22:18:00]: Downloading: /platform/tree/persons/LD5C-SX3/sources
[2026-06-08 22:18:01]: Status code: 200
[2026-06-08 22:18:01]: Downloading: /platform/memories/memories/139449358
[2026-06-08 22:18:02]: Status code: 200
[2026-06-08 22:18:02]: Downloading: /platform/tree/persons/M69K-FDF/sources
[2026-06-08 22:18:02]: Status code: 200
[2026-06-08 22:18:02]: Downloading: /platform/memories/memories/139449359
[2026-06-08 22:18:03]: Status code: 200
[2026-06-08 22:18:03]: Downloading: /platform/tree/persons/LTVJ-B48/sources
[2026-06-08 22:18:03]: Status code: 200
[2026-06-08 22:18:03]: Downloading: /platform/tree/persons/LCJ5-F68/sources
[2026-06-08 22:18:03]: Status code: 200
[2026-06-08 22:18:03]: Downloading: /platform/tree/persons/LJJ5-85Q/sources
[2026-06-08 22:18:04]: Status code: 200
[2026-06-08 22:18:04]: Downloading: /platform/memories/memories/139446874
[2026-06-08 22:18:05]: Status code: 200
[2026-06-08 22:18:05]: Status code: 200
[2026-06-08 22:18:05]: Downloading: /platform/memories/memories/222016946
[2026-06-08 22:18:06]: Status code: 200
[2026-06-08 22:18:06]: Status code: 200
[2026-06-08 22:18:06]: Downloading: /platform/memories/memories/94122585
[2026-06-08 22:18:07]: Status code: 200
[2026-06-08 22:18:07]: Status code: 200
[2026-06-08 22:18:07]: Downloading: /platform/memories/memories/98755528
[2026-06-08 22:18:07]: Status code: 200
[2026-06-08 22:18:08]: Status code: 200
[2026-06-08 22:18:08]: Downloading: /platform/memories/memories/133567134
[2026-06-08 22:18:09]: Status code: 200
[2026-06-08 22:18:09]: Status code: 200
[2026-06-08 22:18:10]: Status code: 200
[2026-06-08 22:18:10]: Status code: 200
[2026-06-08 22:18:10]: Downloading: /platform/memories/memories/87823710
[2026-06-08 22:18:11]: Status code: 200
[2026-06-08 22:18:11]: Downloading: /platform/memories/memories/118210983
[2026-06-08 22:18:11]: Status code: 200
[2026-06-08 22:18:11]: Downloading: /platform/memories/memories/87824941
[2026-06-08 22:18:11]: Status code: 200
[2026-06-08 22:18:11]: Downloading: /platform/memories/memories/87869144
[2026-06-08 22:18:12]: Status code: 200
[2026-06-08 22:18:12]: Downloading: /platform/memories/memories/106391298
[2026-06-08 22:18:12]: Status code: 200
[2026-06-08 22:18:12]: Downloading: /platform/memories/memories/139446804
[2026-06-08 22:18:13]: Status code: 200
[2026-06-08 22:18:13]: Downloading: /platform/memories/memories/98755529
[2026-06-08 22:18:13]: Status code: 200
[2026-06-08 22:18:13]: Downloading: /platform/memories/memories/116307705
[2026-06-08 22:18:14]: Status code: 200
[2026-06-08 22:18:14]: Status code: 200
[2026-06-08 22:18:15]: Status code: 200
[2026-06-08 22:18:15]: Downloading: /platform/memories/memories/87870241
[2026-06-08 22:18:15]: Status code: 200
[2026-06-08 22:18:15]: Downloading: /platform/memories/memories/87869144
[2026-06-08 22:18:16]: Status code: 200
[2026-06-08 22:18:16]: Downloading: /platform/memories/memories/106391298
[2026-06-08 22:18:16]: Status code: 200
[2026-06-08 22:18:16]: Downloading: /platform/memories/memories/139446602
[2026-06-08 22:18:17]: Status code: 200
[2026-06-08 22:18:17]: Status code: 200
[2026-06-08 22:18:17]: Downloading: /platform/memories/memories/115718959
[2026-06-08 22:18:18]: Status code: 200
[2026-06-08 22:18:18]: Downloading: /platform/memories/memories/138862061
[2026-06-08 22:18:18]: Status code: 200
[2026-06-08 22:18:18]: Downloading: /platform/memories/memories/116578120
[2026-06-08 22:18:19]: Status code: 200
[2026-06-08 22:18:19]: Downloading: /platform/memories/memories/87876303
[2026-06-08 22:18:19]: Status code: 200
[2026-06-08 22:18:20]: Status code: 200
[2026-06-08 22:18:21]: Status code: 200
[2026-06-08 22:18:21]: Downloading: /platform/memories/memories/87824941
[2026-06-08 22:18:21]: Status code: 200
[2026-06-08 22:18:21]: Downloading: /platform/memories/memories/116575832
[2026-06-08 22:18:21]: Status code: 200
[2026-06-08 22:18:21]: Downloading: /platform/memories/memories/87823710
[2026-06-08 22:18:22]: Status code: 200
[2026-06-08 22:18:22]: Status code: 200
[2026-06-08 22:18:22]: Downloading: /platform/memories/memories/119225429
[2026-06-08 22:18:23]: Status code: 200
[2026-06-08 22:18:23]: Downloading: /platform/memories/memories/119225432
[2026-06-08 22:18:23]: Status code: 200
[2026-06-08 22:18:23]: Downloading: /platform/memories/memories/114841734
[2026-06-08 22:18:24]: Status code: 200
[2026-06-08 22:18:24]: Downloading: /platform/tree/persons?pids=L47M-NKR,27C4-243,L8HT-71S,LTVR-XLZ,LV9J-G6F,LC61-54X,GT6C-TCS,LTVV-FKM,KLLJ-2T5,KZ2J-8BP,29HQ-S3F,GMXM-RRT,KHNS-YQF,GMWG-M4M,MFP3-XPL,LYRH-N7J,2W75-KY2,PSFL-WQ2,L78R-GHD,LH52-F3T,L7N6-NW1,9M97-DK7,LZ68-W6Y,GT6C-SL7,L838-RDC,LTVV-66T,LDZ1-1FZ,LHSQ-5XB,K2JM-R4P,LX34-PGZ,KFRC-7RW,LV7G-9GC,L4B6-4FS,LJ2S-HCF,KHKF-X8L,L71L-GJD,KCXK-QT5,MTKL-9L1,LCRT-SPM,MZVV-WYB,KLBH-CFC,LJ2S-HW9,MZVV-4M1,K641-J91,L7N6-NWB,L7JB-HQM,LHZH-THH,MFPW-G3H
[2026-06-08 22:18:25]: Status code: 200
[2026-06-08 22:18:25]: Downloading: /platform/tree/persons/GT6C-SL7/sources
[2026-06-08 22:18:25]: Downloading: /platform/tree/persons/LCRT-SPM/sources
[2026-06-08 22:18:25]: Downloading: /platform/tree/persons/27C4-243/sources
[2026-06-08 22:18:25]: Downloading: /platform/tree/persons/L78R-GHD/sources
[2026-06-08 22:18:25]: Downloading: /platform/tree/persons/LJ2S-HW9/sources
[2026-06-08 22:18:25]: Downloading: /platform/tree/persons/LHZH-THH/sources
[2026-06-08 22:18:25]: Downloading: /platform/tree/persons/LV7G-9GC/sources
[2026-06-08 22:18:25]: Downloading: /platform/tree/persons/L47M-NKR/sources
[2026-06-08 22:18:25]: Downloading: /platform/tree/persons/KLLJ-2T5/sources
[2026-06-08 22:18:25]: Downloading: /platform/tree/persons/K641-J91/sources
[2026-06-08 22:18:25]: Downloading: /platform/tree/persons/GMXM-RRT/sources
[2026-06-08 22:18:25]: Downloading: /platform/tree/persons/LX34-PGZ/sources
[2026-06-08 22:18:25]: Downloading: /platform/tree/persons/LTVV-FKM/sources
[2026-06-08 22:18:25]: Downloading: /platform/tree/persons/MFP3-XPL/sources
[2026-06-08 22:18:25]: Status code: 200
[2026-06-08 22:18:25]: Downloading: /platform/tree/persons/9M97-DK7/sources
[2026-06-08 22:18:26]: Status code: 200
[2026-06-08 22:18:26]: Downloading: /platform/memories/memories/116487186
[2026-06-08 22:18:26]: Status code: 200
[2026-06-08 22:18:26]: Downloading: /platform/memories/memories/194414813
[2026-06-08 22:18:27]: Status code: 200
[2026-06-08 22:18:27]: Downloading: /platform/memories/memories/200905044
[2026-06-08 22:18:27]: Status code: 200
[2026-06-08 22:18:27]: Downloading: /platform/tree/persons/LV9J-G6F/sources
[2026-06-08 22:18:28]: Status code: 200
[2026-06-08 22:18:28]: Downloading: /platform/tree/persons/GT6C-TCS/sources
[2026-06-08 22:18:28]: Status code: 200
[2026-06-08 22:18:28]: Downloading: /platform/memories/memories/118210983
[2026-06-08 22:18:28]: Status code: 200
[2026-06-08 22:18:28]: Downloading: /platform/tree/persons/L4B6-4FS/sources
[2026-06-08 22:18:29]: Status code: 200
[2026-06-08 22:18:29]: Downloading: /platform/memories/memories/135637267
[2026-06-08 22:18:30]: Status code: 200
[2026-06-08 22:18:30]: Downloading: /platform/memories/memories/113268267
[2026-06-08 22:18:30]: Status code: 403
[2026-06-08 22:18:30]: HTTPError
[2026-06-08 22:18:30]: WARNING: code 403 from /platform/memories/memories/135637267 Failure in upstream call: Unable to read artifact description. (upstream 403)
[2026-06-08 22:18:30]: Downloading: /platform/memories/memories/119249855
[2026-06-08 22:18:31]: Status code: 200
[2026-06-08 22:18:31]: Downloading: /platform/memories/memories/42088381
[2026-06-08 22:18:31]: Status code: 200
[2026-06-08 22:18:31]: Downloading: /platform/tree/persons/MFPW-G3H/sources
[2026-06-08 22:18:31]: Status code: 200
[2026-06-08 22:18:31]: Downloading: /platform/memories/memories/194414884
[2026-06-08 22:18:32]: Status code: 200
[2026-06-08 22:18:32]: Downloading: /platform/memories/memories/119249204
[2026-06-08 22:18:33]: Status code: 200
[2026-06-08 22:18:33]: Downloading: /platform/memories/memories/135637267
[2026-06-08 22:18:33]: Status code: 200
[2026-06-08 22:18:33]: Downloading: /platform/memories/memories/137860562
[2026-06-08 22:18:33]: Status code: 200
[2026-06-08 22:18:33]: Downloading: /platform/memories/memories/115935568
[2026-06-08 22:18:34]: Status code: 200
[2026-06-08 22:18:34]: Downloading: /platform/tree/persons/K2JM-R4P/sources
[2026-06-08 22:18:34]: Status code: 200
[2026-06-08 22:18:34]: Downloading: /platform/tree/persons/LJ2S-HCF/sources
[2026-06-08 22:18:35]: Status code: 200
[2026-06-08 22:18:35]: Downloading: /platform/tree/persons/KZ2J-8BP/sources
[2026-06-08 22:18:35]: Status code: 403
[2026-06-08 22:18:35]: HTTPError
[2026-06-08 22:18:35]: WARNING: code 403 from /platform/memories/memories/135637267 Failure in upstream call: Unable to read artifact description. (upstream 403)
[2026-06-08 22:18:35]: Downloading: /platform/memories/memories/116675838
[2026-06-08 22:18:36]: Status code: 200
[2026-06-08 22:18:36]: Downloading: /platform/memories/memories/225320258
[2026-06-08 22:18:37]: Status code: 200
[2026-06-08 22:18:37]: Downloading: /platform/tree/persons/LTVR-XLZ/sources
[2026-06-08 22:18:37]: Status code: 200
[2026-06-08 22:18:37]: Downloading: /platform/memories/memories/15137593
[2026-06-08 22:18:37]: Status code: 200
[2026-06-08 22:18:37]: Downloading: /platform/memories/memories/24259662
[2026-06-08 22:18:38]: Status code: 200
[2026-06-08 22:18:38]: Downloading: /platform/tree/persons/KFRC-7RW/sources
[2026-06-08 22:18:38]: Status code: 200
[2026-06-08 22:18:38]: Downloading: /platform/memories/memories/116575832
[2026-06-08 22:18:39]: Status code: 200
[2026-06-08 22:18:39]: Downloading: /platform/memories/memories/113181118
[2026-06-08 22:18:40]: Status code: 200
[2026-06-08 22:18:40]: Downloading: /platform/tree/persons/MZVV-4M1/sources
[2026-06-08 22:18:40]: Status code: 200
[2026-06-08 22:18:40]: Downloading: /platform/tree/persons/KLBH-CFC/sources
[2026-06-08 22:18:41]: Status code: 200
[2026-06-08 22:18:41]: Downloading: /platform/tree/persons/L7N6-NWB/sources
[2026-06-08 22:18:41]: Status code: 200
[2026-06-08 22:18:41]: Downloading: /platform/tree/persons/LZ68-W6Y/sources
[2026-06-08 22:18:42]: Status code: 200
[2026-06-08 22:18:42]: Downloading: /platform/tree/persons/GMWG-M4M/sources
[2026-06-08 22:18:42]: Status code: 200
[2026-06-08 22:18:42]: Downloading: /platform/tree/persons/L71L-GJD/sources
[2026-06-08 22:18:42]: Status code: 200
[2026-06-08 22:18:42]: Downloading: /platform/memories/memories/138147197
[2026-06-08 22:18:43]: Status code: 200
[2026-06-08 22:18:43]: Downloading: /platform/memories/memories/138859965
[2026-06-08 22:18:44]: Status code: 200
[2026-06-08 22:18:44]: Downloading: /platform/memories/memories/139449429
[2026-06-08 22:18:44]: Status code: 200
[2026-06-08 22:18:44]: Downloading: /platform/tree/persons/2W75-KY2/sources
[2026-06-08 22:18:45]: Status code: 200
[2026-06-08 22:18:45]: Downloading: /platform/tree/persons/KCXK-QT5/sources
[2026-06-08 22:18:45]: Status code: 200
[2026-06-08 22:18:45]: Downloading: /platform/tree/persons/LHSQ-5XB/sources
[2026-06-08 22:18:46]: Status code: 200
[2026-06-08 22:18:46]: Downloading: /platform/memories/memories/142847613
[2026-06-08 22:18:46]: Status code: 200
[2026-06-08 22:18:46]: Downloading: /platform/tree/persons/LYRH-N7J/sources
[2026-06-08 22:18:46]: Status code: 200
[2026-06-08 22:18:46]: Downloading: /platform/memories/memories/15192199
[2026-06-08 22:18:47]: Status code: 200
[2026-06-08 22:18:47]: Downloading: /platform/memories/memories/220184455
[2026-06-08 22:18:48]: Status code: 200
[2026-06-08 22:18:48]: Downloading: /platform/memories/memories/220184426
[2026-06-08 22:18:48]: Status code: 200
[2026-06-08 22:18:48]: Downloading: /platform/tree/persons/L8HT-71S/sources
[2026-06-08 22:18:49]: Status code: 200
[2026-06-08 22:18:49]: Downloading: /platform/tree/persons/29HQ-S3F/sources
[2026-06-08 22:18:49]: Status code: 200
[2026-06-08 22:18:49]: Downloading: /platform/tree/persons/KHKF-X8L/sources
[2026-06-08 22:18:50]: Status code: 200
[2026-06-08 22:18:50]: Downloading: /platform/tree/persons/LH52-F3T/sources
[2026-06-08 22:18:50]: Status code: 200
[2026-06-08 22:18:50]: Downloading: /platform/tree/persons/L7JB-HQM/sources
[2026-06-08 22:18:50]: Status code: 200
[2026-06-08 22:18:50]: Downloading: /platform/tree/persons/L7N6-NW1/sources
[2026-06-08 22:18:51]: Status code: 200
[2026-06-08 22:18:51]: Downloading: /platform/memories/memories/137860586
[2026-06-08 22:18:52]: Status code: 200
[2026-06-08 22:18:52]: Downloading: /platform/tree/persons/LC61-54X/sources
[2026-06-08 22:18:52]: Status code: 200
[2026-06-08 22:18:52]: Downloading: /platform/memories/memories/116675549
[2026-06-08 22:18:52]: Status code: 200
[2026-06-08 22:18:53]: Downloading: /platform/tree/persons/LTVV-66T/sources
[2026-06-08 22:18:53]: Status code: 200
[2026-06-08 22:18:53]: Downloading: /platform/memories/memories/142401487
[2026-06-08 22:18:54]: Status code: 200
[2026-06-08 22:18:54]: Downloading: /platform/memories/memories/93497514
[2026-06-08 22:18:54]: Status code: 200
[2026-06-08 22:18:54]: Downloading: /platform/memories/memories/160820112
[2026-06-08 22:18:55]: Status code: 200
[2026-06-08 22:18:55]: Downloading: /platform/tree/persons/L838-RDC/sources
[2026-06-08 22:18:55]: Status code: 200
[2026-06-08 22:18:55]: Downloading: /platform/memories/memories/113068896
[2026-06-08 22:18:55]: Status code: 200
[2026-06-08 22:18:55]: Downloading: /platform/memories/memories/113068798
[2026-06-08 22:18:56]: Status code: 200
[2026-06-08 22:18:56]: Downloading: /platform/tree/persons/MZVV-WYB/sources
[2026-06-08 22:18:57]: Status code: 200
[2026-06-08 22:18:57]: Downloading: /platform/memories/memories/113068473
[2026-06-08 22:18:57]: Status code: 200
[2026-06-08 22:18:58]: Status code: 200
[2026-06-08 22:18:58]: Status code: 200
[2026-06-08 22:18:58]: Downloading: /platform/memories/memories/112887699
[2026-06-08 22:18:58]: Status code: 200
[2026-06-08 22:18:58]: Downloading: /platform/memories/memories/112887700
[2026-06-08 22:18:59]: Status code: 200
[2026-06-08 22:19:00]: Status code: 200
[2026-06-08 22:19:00]: Downloading: /platform/memories/memories/114841734
[2026-06-08 22:19:00]: Status code: 200
[2026-06-08 22:19:00]: Downloading: /platform/memories/memories/236205401
[2026-06-08 22:19:00]: Status code: 200
[2026-06-08 22:19:01]: Status code: 200
[2026-06-08 22:19:01]: Downloading: /platform/memories/memories/138147196
[2026-06-08 22:19:01]: Status code: 200
[2026-06-08 22:19:02]: Status code: 200
[2026-06-08 22:19:02]: Downloading: /platform/memories/memories/138147198
[2026-06-08 22:19:03]: Status code: 200
[2026-06-08 22:19:03]: Downloading: /platform/memories/memories/116307571
[2026-06-08 22:19:03]: Status code: 200
[2026-06-08 22:19:03]: Downloading: /platform/memories/memories/22817981
[2026-06-08 22:19:04]: Status code: 200
[2026-06-08 22:19:04]: Downloading: /platform/memories/memories/119127933
[2026-06-08 22:19:04]: Status code: 200
[2026-06-08 22:19:04]: Downloading: /platform/memories/memories/116675838
[2026-06-08 22:19:05]: Status code: 200
[2026-06-08 22:19:05]: Downloading: /platform/memories/memories/113704012
[2026-06-08 22:19:05]: Status code: 200
[2026-06-08 22:19:05]: Downloading: /platform/memories/memories/112887701
[2026-06-08 22:19:06]: Status code: 200
[2026-06-08 22:19:06]: Status code: 200
[2026-06-08 22:19:07]: Status code: 200
[2026-06-08 22:19:07]: Downloading: /platform/memories/memories/116675549
[2026-06-08 22:19:07]: Status code: 200
[2026-06-08 22:19:07]: Downloading: /platform/memories/memories/114748165
[2026-06-08 22:19:08]: Status code: 200
[2026-06-08 22:19:08]: Downloading: /platform/memories/memories/113064485
[2026-06-08 22:19:08]: Status code: 200
[2026-06-08 22:19:08]: Downloading: /platform/memories/memories/220184404
[2026-06-08 22:19:09]: Status code: 200
[2026-06-08 22:19:09]: Downloading: /platform/memories/memories/236205372
[2026-06-08 22:19:09]: Status code: 200
[2026-06-08 22:19:10]: Status code: 200
[2026-06-08 22:19:10]: Downloading: /platform/memories/memories/132715171
[2026-06-08 22:19:10]: Status code: 200
[2026-06-08 22:19:10]: Downloading: /platform/memories/memories/114763858
[2026-06-08 22:19:11]: Status code: 200
[2026-06-08 22:19:11]: Downloading: /platform/memories/memories/98064973
[2026-06-08 22:19:11]: Status code: 200
[2026-06-08 22:19:11]: Downloading: /platform/memories/memories/114841734
[2026-06-08 22:19:12]: Status code: 200
[2026-06-08 22:19:12]: Downloading: /platform/memories/memories/178241763
[2026-06-08 22:19:12]: Status code: 200
[2026-06-08 22:19:12]: Downloading: /platform/memories/memories/117017146
[2026-06-08 22:19:13]: Status code: 200
[2026-06-08 22:19:13]: Downloading: /platform/memories/memories/220184384
[2026-06-08 22:19:13]: Status code: 200
[2026-06-08 22:19:13]: Downloading: /platform/memories/memories/12170465
[2026-06-08 22:19:14]: Status code: 200
[2026-06-08 22:19:14]: Downloading: /platform/memories/memories/176420048
[2026-06-08 22:19:14]: Status code: 200
[2026-06-08 22:19:14]: Downloading: /platform/memories/memories/160191710
[2026-06-08 22:19:15]: Status code: 200
[2026-06-08 22:19:15]: Downloading: /platform/memories/memories/123987925
[2026-06-08 22:19:15]: Status code: 200
[2026-06-08 22:19:16]: Status code: 200
[2026-06-08 22:19:16]: Downloading: /platform/memories/memories/220184347
[2026-06-08 22:19:16]: Status code: 200
[2026-06-08 22:19:16]: Downloading: /platform/memories/memories/160190735
[2026-06-08 22:19:17]: Status code: 200
[2026-06-08 22:19:17]: Downloading: /platform/memories/memories/118287365
[2026-06-08 22:19:17]: Status code: 200
[2026-06-08 22:19:17]: Downloading: /platform/memories/memories/115718959
[2026-06-08 22:19:18]: Status code: 200
[2026-06-08 22:19:18]: Downloading: /platform/memories/memories/220182769
[2026-06-08 22:19:18]: Status code: 200
[2026-06-08 22:19:19]: Status code: 200
[2026-06-08 22:19:19]: Downloading: /platform/memories/memories/117893737
[2026-06-08 22:19:19]: Status code: 200
[2026-06-08 22:19:20]: Status code: 200
[2026-06-08 22:19:20]: Downloading: /platform/memories/memories/117893737
[2026-06-08 22:19:20]: Status code: 200
[2026-06-08 22:19:20]: Downloading: /platform/memories/memories/117893383
[2026-06-08 22:19:21]: Status code: 200
[2026-06-08 22:19:21]: Downloading: /platform/memories/memories/117892633
[2026-06-08 22:19:21]: Status code: 200
[2026-06-08 22:19:21]: Downloading: /platform/memories/memories/160190735
[2026-06-08 22:19:22]: Status code: 200
[2026-06-08 22:19:22]: Downloading: /platform/memories/memories/117891969
[2026-06-08 22:19:22]: Status code: 200
[2026-06-08 22:19:22]: Downloading: /platform/memories/memories/16734484
[2026-06-08 22:19:23]: Status code: 200
[2026-06-08 22:19:23]: Status code: 200
[2026-06-08 22:19:24]: Status code: 200
[2026-06-08 22:19:24]: Downloading: /platform/memories/memories/16510631
[2026-06-08 22:19:24]: Status code: 200
[2026-06-08 22:19:24]: Downloading: /platform/tree/persons?pids=LR4Y-94K,93D6-NG3,LWLS-V4K,KCHP-4HP,MMHY-JK1,L6Q5-RP6,G2YS-Z52,GG3G-ZHZ,MJG6-6G7,LCCC-99G,LZL3-VP7,MFP3-FK2,MDNS-5TR,KNQG-6ZK,9X33-K6B,GL95-QNS,LC2J-M54,F5B3-4SM,G6BF-D15,LHKP-QQW,2Z83-DF3,L588-2TY,LJ2S-HVH,M2DG-MCY,GSHY-TG8,LBLC-RJP,LHGS-LHZ,PZRM-2C1,LJP7-9T1,MZVV-WB2,LC7G-VPR,M876-Q1J,L4QC-N5X,MZYW-ZGK,P7D5-T6F,MLK2-C4S,LVDT-L15,MFGR-PHR,LC39-NTY,LZG5-34V,MPND-QXR,K827-Z69,MZVV-W13,LZZ7-DM1,M7T2-GY7,M6YZ-4XS,LB47-F64,LTMG-ZWS,K29F-SSH,2Z36-B9L,GBX9-KSR,MZYW-ZPC,KCWN-BD5,42SX-V1S,LZNW-JXG,9VLP-G9J,G4R2-NX5,9WXF-WFT,LVNN-S5T,L5KN-9H6,LTR4-C2F,LCJW-RX9,KL8M-3PP,MZVV-V68,G84P-DNC,L2P9-8MT,GL9Y-VQV,LH8P-8XT,L65Z-2PF,KNZ3-QR1,GSHY-FXV,MZJK-FNT,9KCL-8BD,G37Y-NF3,LCJW-RF9,MZXQ-M31,LCX5-37Q,GFQW-4PL,LCXR-WHK,MPG7-R76,LZTQ-PL2,DF7S-7TC,L782-1MT,LZFH-TW3,MGKW-75Q
[2026-06-08 22:19:25]: Status code: 200
[2026-06-08 22:19:25]: Downloading: /platform/tree/persons/LZNW-JXG/sources
[2026-06-08 22:19:25]: Downloading: /platform/tree/persons/MGKW-75Q/sources
[2026-06-08 22:19:25]: Downloading: /platform/tree/persons/KNZ3-QR1/sources
[2026-06-08 22:19:25]: Downloading: /platform/tree/persons/GSHY-FXV/sources
[2026-06-08 22:19:25]: Downloading: /platform/tree/persons/LBLC-RJP/sources
[2026-06-08 22:19:25]: Downloading: /platform/tree/persons/LHGS-LHZ/sources
[2026-06-08 22:19:25]: Downloading: /platform/tree/persons/MZYW-ZGK/sources
[2026-06-08 22:19:25]: Downloading: /platform/tree/persons/MJG6-6G7/sources
[2026-06-08 22:19:25]: Downloading: /platform/tree/persons/KCWN-BD5/sources
[2026-06-08 22:19:25]: Downloading: /platform/tree/persons/MZVV-WB2/sources
[2026-06-08 22:19:25]: Downloading: /platform/tree/persons/LWLS-V4K/sources
[2026-06-08 22:19:25]: Downloading: /platform/tree/persons/MLK2-C4S/sources
[2026-06-08 22:19:25]: Downloading: /platform/tree/persons/LCXR-WHK/sources
[2026-06-08 22:19:25]: Downloading: /platform/tree/persons/GG3G-ZHZ/sources
[2026-06-08 22:19:25]: Status code: 200
[2026-06-08 22:19:25]: Downloading: /platform/tree/persons/F5B3-4SM/sources
[2026-06-08 22:19:26]: Status code: 200
[2026-06-08 22:19:26]: Downloading: /platform/memories/memories/100143862
[2026-06-08 22:19:27]: Status code: 200
[2026-06-08 22:19:27]: Downloading: /platform/tree/persons/GSHY-TG8/sources
[2026-06-08 22:19:27]: Status code: 200
[2026-06-08 22:19:27]: Downloading: /platform/memories/memories/27398026
[2026-06-08 22:19:27]: Status code: 200
[2026-06-08 22:19:27]: Downloading: /platform/memories/memories/220184347
[2026-06-08 22:19:28]: Status code: 200
[2026-06-08 22:19:28]: Downloading: /platform/memories/memories/200905044
[2026-06-08 22:19:28]: Status code: 200
[2026-06-08 22:19:28]: Downloading: /platform/memories/memories/56186672
[2026-06-08 22:19:29]: Status code: 200
[2026-06-08 22:19:29]: Downloading: /platform/tree/persons/MZVV-W13/sources
[2026-06-08 22:19:29]: Status code: 200
[2026-06-08 22:19:29]: Downloading: /platform/tree/persons/L4QC-N5X/sources
[2026-06-08 22:19:30]: Status code: 200
[2026-06-08 22:19:30]: Downloading: /platform/memories/memories/109409608
[2026-06-08 22:19:31]: Status code: 200
[2026-06-08 22:19:31]: Downloading: /platform/tree/persons/M876-Q1J/sources
[2026-06-08 22:19:31]: Status code: 200
[2026-06-08 22:19:31]: Downloading: /platform/tree/persons/LCJW-RX9/sources
[2026-06-08 22:19:31]: Status code: 200
[2026-06-08 22:19:31]: Downloading: /platform/tree/persons/L588-2TY/sources
[2026-06-08 22:19:32]: Status code: 200
[2026-06-08 22:19:32]: Downloading: /platform/tree/persons/P7D5-T6F/sources
[2026-06-08 22:19:32]: Status code: 200
[2026-06-08 22:19:32]: Downloading: /platform/tree/persons/LZL3-VP7/sources
[2026-06-08 22:19:33]: Status code: 200
[2026-06-08 22:19:33]: Downloading: /platform/memories/memories/119897818
[2026-06-08 22:19:33]: Status code: 200
[2026-06-08 22:19:33]: Downloading: /platform/tree/persons/LB47-F64/sources
[2026-06-08 22:19:34]: Status code: 200
[2026-06-08 22:19:34]: Downloading: /platform/tree/persons/G2YS-Z52/sources
[2026-06-08 22:19:34]: Status code: 200
[2026-06-08 22:19:34]: Downloading: /platform/tree/persons/MFGR-PHR/sources
[2026-06-08 22:19:35]: Status code: 200
[2026-06-08 22:19:35]: Downloading: /platform/memories/memories/113705608
[2026-06-08 22:19:35]: Status code: 200
[2026-06-08 22:19:35]: Downloading: /platform/memories/memories/138862082
[2026-06-08 22:19:36]: Status code: 200
[2026-06-08 22:19:36]: Downloading: /platform/tree/persons/9WXF-WFT/sources
[2026-06-08 22:19:36]: Status code: 200
[2026-06-08 22:19:36]: Downloading: /platform/tree/persons/93D6-NG3/sources
[2026-06-08 22:19:37]: Status code: 200
[2026-06-08 22:19:37]: Downloading: /platform/tree/persons/LC7G-VPR/sources
[2026-06-08 22:19:38]: Status code: 200
[2026-06-08 22:19:38]: Downloading: /platform/memories/memories/44873244
[2026-06-08 22:19:38]: Status code: 200
[2026-06-08 22:19:38]: Downloading: /platform/tree/persons/LTMG-ZWS/sources
[2026-06-08 22:19:38]: Status code: 200
[2026-06-08 22:19:38]: Downloading: /platform/memories/memories/237177486
[2026-06-08 22:19:39]: Status code: 200
[2026-06-08 22:19:39]: Downloading: /platform/tree/persons/9VLP-G9J/sources
[2026-06-08 22:19:39]: Status code: 200
[2026-06-08 22:19:39]: Downloading: /platform/memories/memories/142847613
[2026-06-08 22:19:40]: Status code: 200
[2026-06-08 22:19:40]: Downloading: /platform/tree/persons/L782-1MT/sources
[2026-06-08 22:19:40]: Status code: 200
[2026-06-08 22:19:40]: Downloading: /platform/memories/memories/75988636
[2026-06-08 22:19:41]: Status code: 200
[2026-06-08 22:19:41]: Downloading: /platform/tree/persons/LCCC-99G/sources
[2026-06-08 22:19:41]: Status code: 200
[2026-06-08 22:19:41]: Downloading: /platform/tree/persons/MZJK-FNT/sources
[2026-06-08 22:19:42]: Status code: 200
[2026-06-08 22:19:42]: Downloading: /platform/tree/persons/MZVV-V68/sources
[2026-06-08 22:19:42]: Status code: 200
[2026-06-08 22:19:42]: Downloading: /platform/memories/memories/113066550
[2026-06-08 22:19:43]: Status code: 200
[2026-06-08 22:19:43]: Downloading: /platform/tree/persons/M2DG-MCY/sources
[2026-06-08 22:19:44]: Status code: 200
[2026-06-08 22:19:44]: Downloading: /platform/tree/persons/LVDT-L15/sources
[2026-06-08 22:19:44]: Status code: 200
[2026-06-08 22:19:44]: Downloading: /platform/memories/memories/65757831
[2026-06-08 22:19:44]: Status code: 200
[2026-06-08 22:19:44]: Downloading: /platform/tree/persons/MPND-QXR/sources
[2026-06-08 22:19:45]: Status code: 200
[2026-06-08 22:19:45]: Downloading: /platform/memories/memories/65757980
[2026-06-08 22:19:45]: Status code: 200
[2026-06-08 22:19:45]: Downloading: /platform/memories/memories/230253060
[2026-06-08 22:19:46]: Status code: 200
[2026-06-08 22:19:46]: Downloading: /platform/memories/memories/15190487
[2026-06-08 22:19:46]: Status code: 200
[2026-06-08 22:19:46]: Downloading: /platform/memories/memories/69543869
[2026-06-08 22:19:47]: Status code: 200
[2026-06-08 22:19:47]: Downloading: /platform/tree/persons/G84P-DNC/sources
[2026-06-08 22:19:47]: Status code: 200
[2026-06-08 22:19:47]: Downloading: /platform/tree/persons/DF7S-7TC/sources
[2026-06-08 22:19:48]: Status code: 200
[2026-06-08 22:19:48]: Downloading: /platform/memories/memories/159107943
[2026-06-08 22:19:48]: Status code: 200
[2026-06-08 22:19:48]: Downloading: /platform/tree/persons/LZG5-34V/sources
[2026-06-08 22:19:49]: Status code: 200
[2026-06-08 22:19:49]: Downloading: /platform/memories/memories/92890694
[2026-06-08 22:19:49]: Status code: 200
[2026-06-08 22:19:49]: Downloading: /platform/memories/memories/158974184
[2026-06-08 22:19:50]: Status code: 200
[2026-06-08 22:19:50]: Downloading: /platform/tree/persons/2Z83-DF3/sources
[2026-06-08 22:19:50]: Status code: 200
[2026-06-08 22:19:50]: Downloading: /platform/memories/memories/29478602
[2026-06-08 22:19:51]: Status code: 200
[2026-06-08 22:19:51]: Downloading: /platform/tree/persons/LZTQ-PL2/sources
[2026-06-08 22:19:51]: Status code: 200
[2026-06-08 22:19:51]: Downloading: /platform/memories/memories/159107943
[2026-06-08 22:19:52]: Status code: 200
[2026-06-08 22:19:52]: Downloading: /platform/memories/memories/5632341
[2026-06-08 22:19:52]: Status code: 200
[2026-06-08 22:19:52]: Downloading: /platform/tree/persons/LHKP-QQW/sources
[2026-06-08 22:19:53]: Status code: 200
[2026-06-08 22:19:53]: Downloading: /platform/memories/memories/114456188
[2026-06-08 22:19:54]: Status code: 200
[2026-06-08 22:19:54]: Downloading: /platform/memories/memories/157428905
[2026-06-08 22:19:54]: Status code: 200
[2026-06-08 22:19:54]: Downloading: /platform/memories/memories/100143862
[2026-06-08 22:19:54]: Status code: 200
[2026-06-08 22:19:54]: Downloading: /platform/memories/memories/153587378
[2026-06-08 22:19:55]: Status code: 200
[2026-06-08 22:19:55]: Downloading: /platform/tree/persons/LZFH-TW3/sources
[2026-06-08 22:19:55]: Status code: 200
[2026-06-08 22:19:55]: Downloading: /platform/tree/persons/9X33-K6B/sources
[2026-06-08 22:19:56]: Status code: 200
[2026-06-08 22:19:56]: Downloading: /platform/memories/memories/124263642
[2026-06-08 22:19:56]: Status code: 200
[2026-06-08 22:19:56]: Downloading: /platform/memories/memories/220182769
[2026-06-08 22:19:57]: Status code: 200
[2026-06-08 22:19:57]: Downloading: /platform/memories/memories/158974184
[2026-06-08 22:19:57]: Status code: 200
[2026-06-08 22:19:57]: Downloading: /platform/tree/persons/KCHP-4HP/sources
[2026-06-08 22:19:58]: Status code: 200
[2026-06-08 22:19:58]: Downloading: /platform/memories/memories/114456188
[2026-06-08 22:19:58]: Status code: 200
[2026-06-08 22:19:58]: Downloading: /platform/tree/persons/LZZ7-DM1/sources
[2026-06-08 22:19:59]: Status code: 200
[2026-06-08 22:19:59]: Downloading: /platform/memories/memories/55494043
[2026-06-08 22:19:59]: Status code: 200
[2026-06-08 22:19:59]: Downloading: /platform/memories/memories/113243417
[2026-06-08 22:20:00]: Status code: 200
[2026-06-08 22:20:00]: Downloading: /platform/memories/memories/119188688
[2026-06-08 22:20:00]: Status code: 200
[2026-06-08 22:20:00]: Downloading: /platform/tree/persons/LH8P-8XT/sources
[2026-06-08 22:20:01]: Status code: 200
[2026-06-08 22:20:01]: Downloading: /platform/memories/memories/113065732
[2026-06-08 22:20:01]: Status code: 200
[2026-06-08 22:20:01]: Downloading: /platform/memories/memories/130315640
[2026-06-08 22:20:02]: Status code: 200
[2026-06-08 22:20:02]: Downloading: /platform/tree/persons/MDNS-5TR/sources
[2026-06-08 22:20:02]: Status code: 200
[2026-06-08 22:20:02]: Downloading: /platform/tree/persons/MZYW-ZPC/sources
[2026-06-08 22:20:03]: Status code: 200
[2026-06-08 22:20:03]: Downloading: /platform/memories/memories/20542172
[2026-06-08 22:20:03]: Status code: 200
[2026-06-08 22:20:03]: Downloading: /platform/memories/memories/228773983
[2026-06-08 22:20:04]: Status code: 200
[2026-06-08 22:20:04]: Downloading: /platform/memories/memories/200905044
[2026-06-08 22:20:04]: Status code: 200
[2026-06-08 22:20:04]: Downloading: /platform/memories/memories/79430266
[2026-06-08 22:20:05]: Status code: 200
[2026-06-08 22:20:05]: Downloading: /platform/tree/persons/LVNN-S5T/sources
[2026-06-08 22:20:05]: Status code: 200
[2026-06-08 22:20:05]: Downloading: /platform/memories/memories/119184468
[2026-06-08 22:20:06]: Status code: 200
[2026-06-08 22:20:06]: Downloading: /platform/memories/memories/113066550
[2026-06-08 22:20:06]: Status code: 200
[2026-06-08 22:20:06]: Downloading: /platform/tree/persons/MZXQ-M31/sources
[2026-06-08 22:20:07]: Status code: 200
[2026-06-08 22:20:07]: Downloading: /platform/memories/memories/116487186
[2026-06-08 22:20:07]: Status code: 200
[2026-06-08 22:20:07]: Downloading: /platform/memories/memories/56186672
[2026-06-08 22:20:08]: Status code: 200
[2026-06-08 22:20:08]: Downloading: /platform/memories/memories/113242870
[2026-06-08 22:20:08]: Status code: 200
[2026-06-08 22:20:08]: Downloading: /platform/memories/memories/45543519
[2026-06-08 22:20:09]: Status code: 200
[2026-06-08 22:20:09]: Downloading: /platform/tree/persons/K827-Z69/sources
[2026-06-08 22:20:09]: Status code: 200
[2026-06-08 22:20:09]: Downloading: /platform/memories/memories/46372678
[2026-06-08 22:20:10]: Status code: 200
[2026-06-08 22:20:10]: Downloading: /platform/tree/persons/MPG7-R76/sources
[2026-06-08 22:20:10]: Status code: 200
[2026-06-08 22:20:10]: Downloading: /platform/tree/persons/9KCL-8BD/sources
[2026-06-08 22:20:11]: Status code: 200
[2026-06-08 22:20:11]: Downloading: /platform/tree/persons/LJP7-9T1/sources
[2026-06-08 22:20:11]: Status code: 200
[2026-06-08 22:20:11]: Downloading: /platform/tree/persons/MFP3-FK2/sources
[2026-06-08 22:20:12]: Status code: 200
[2026-06-08 22:20:12]: Downloading: /platform/memories/memories/235956109
[2026-06-08 22:20:12]: Status code: 200
[2026-06-08 22:20:12]: Downloading: /platform/memories/memories/97917736
[2026-06-08 22:20:13]: Status code: 200
[2026-06-08 22:20:13]: Downloading: /platform/tree/persons/L2P9-8MT/sources
[2026-06-08 22:20:13]: Status code: 200
[2026-06-08 22:20:13]: Downloading: /platform/memories/memories/221879922
[2026-06-08 22:20:14]: Status code: 200
[2026-06-08 22:20:14]: Downloading: /platform/memories/memories/29478602
[2026-06-08 22:20:14]: Status code: 200
[2026-06-08 22:20:14]: Downloading: /platform/memories/memories/113064485
[2026-06-08 22:20:15]: Status code: 200
[2026-06-08 22:20:15]: Downloading: /platform/memories/memories/113195701
[2026-06-08 22:20:15]: Status code: 200
[2026-06-08 22:20:15]: Downloading: /platform/memories/memories/113065732
[2026-06-08 22:20:16]: Status code: 200
[2026-06-08 22:20:16]: Downloading: /platform/tree/persons/L65Z-2PF/sources
[2026-06-08 22:20:16]: Status code: 200
[2026-06-08 22:20:16]: Downloading: /platform/tree/persons/KL8M-3PP/sources
[2026-06-08 22:20:17]: Status code: 200
[2026-06-08 22:20:17]: Downloading: /platform/memories/memories/220184455
[2026-06-08 22:20:17]: Status code: 200
[2026-06-08 22:20:17]: Downloading: /platform/tree/persons/G4R2-NX5/sources
[2026-06-08 22:20:18]: Status code: 200
[2026-06-08 22:20:18]: Downloading: /platform/memories/memories/112887929
[2026-06-08 22:20:18]: Status code: 200
[2026-06-08 22:20:18]: Downloading: /platform/memories/memories/112532417
[2026-06-08 22:20:19]: Status code: 200
[2026-06-08 22:20:19]: Downloading: /platform/memories/memories/112887701
[2026-06-08 22:20:19]: Status code: 200
[2026-06-08 22:20:19]: Downloading: /platform/memories/memories/220184426
[2026-06-08 22:20:20]: Status code: 200
[2026-06-08 22:20:20]: Downloading: /platform/memories/memories/242794108
[2026-06-08 22:20:20]: Status code: 200
[2026-06-08 22:20:20]: Downloading: /platform/tree/persons/LTR4-C2F/sources
[2026-06-08 22:20:21]: Status code: 200
[2026-06-08 22:20:21]: Downloading: /platform/memories/memories/203736793
[2026-06-08 22:20:21]: Status code: 200
[2026-06-08 22:20:21]: Downloading: /platform/tree/persons/LCX5-37Q/sources
[2026-06-08 22:20:22]: Status code: 200
[2026-06-08 22:20:22]: Downloading: /platform/tree/persons/2Z36-B9L/sources
[2026-06-08 22:20:22]: Status code: 200
[2026-06-08 22:20:22]: Downloading: /platform/tree/persons/PZRM-2C1/sources
[2026-06-08 22:20:23]: Status code: 200
[2026-06-08 22:20:23]: Downloading: /platform/tree/persons/L5KN-9H6/sources
[2026-06-08 22:20:23]: Status code: 200
[2026-06-08 22:20:23]: Downloading: /platform/tree/persons/LC39-NTY/sources
[2026-06-08 22:20:24]: Status code: 200
[2026-06-08 22:20:24]: Downloading: /platform/memories/memories/220184404
[2026-06-08 22:20:24]: Status code: 200
[2026-06-08 22:20:24]: Downloading: /platform/memories/memories/113181118
[2026-06-08 22:20:25]: Status code: 200
[2026-06-08 22:20:25]: Downloading: /platform/memories/memories/125858538
[2026-06-08 22:20:25]: Status code: 200
[2026-06-08 22:20:25]: Downloading: /platform/tree/persons/L6Q5-RP6/sources
[2026-06-08 22:20:26]: Status code: 200
[2026-06-08 22:20:26]: Downloading: /platform/memories/memories/113064708
[2026-06-08 22:20:26]: Status code: 200
[2026-06-08 22:20:26]: Downloading: /platform/memories/memories/220135110
[2026-06-08 22:20:27]: Status code: 200
[2026-06-08 22:20:27]: Downloading: /platform/memories/memories/114535535
[2026-06-08 22:20:27]: Status code: 200
[2026-06-08 22:20:27]: Downloading: /platform/memories/memories/163312321
[2026-06-08 22:20:28]: Status code: 200
[2026-06-08 22:20:28]: Downloading: /platform/memories/memories/117369560
[2026-06-08 22:20:28]: Status code: 200
[2026-06-08 22:20:28]: Downloading: /platform/memories/memories/140873803
[2026-06-08 22:20:29]: Status code: 200
[2026-06-08 22:20:29]: Downloading: /platform/memories/memories/113064485
[2026-06-08 22:20:29]: Status code: 200
[2026-06-08 22:20:29]: Downloading: /platform/tree/persons/LC2J-M54/sources
[2026-06-08 22:20:30]: Status code: 200
[2026-06-08 22:20:30]: Downloading: /platform/memories/memories/112887700
[2026-06-08 22:20:30]: Status code: 200
[2026-06-08 22:20:30]: Downloading: /platform/memories/memories/27455064
[2026-06-08 22:20:31]: Status code: 200
[2026-06-08 22:20:31]: Downloading: /platform/memories/memories/112887699
[2026-06-08 22:20:31]: Status code: 200
[2026-06-08 22:20:31]: Downloading: /platform/tree/persons/G6BF-D15/sources
[2026-06-08 22:20:32]: Status code: 200
[2026-06-08 22:20:32]: Downloading: /platform/memories/memories/116575832
[2026-06-08 22:20:33]: Status code: 200
[2026-06-08 22:20:33]: Downloading: /platform/memories/memories/104059793
[2026-06-08 22:20:33]: Status code: 200
[2026-06-08 22:20:33]: Downloading: /platform/memories/memories/112887929
[2026-06-08 22:20:33]: Status code: 200
[2026-06-08 22:20:33]: Downloading: /platform/tree/persons/LCJW-RF9/sources
[2026-06-08 22:20:34]: Status code: 200
[2026-06-08 22:20:34]: Downloading: /platform/memories/memories/220184384
[2026-06-08 22:20:34]: Status code: 200
[2026-06-08 22:20:34]: Downloading: /platform/memories/memories/25569478
[2026-06-08 22:20:35]: Status code: 200
[2026-06-08 22:20:35]: Downloading: /platform/memories/memories/147406987
[2026-06-08 22:20:36]: Status code: 200
[2026-06-08 22:20:36]: Downloading: /platform/memories/memories/24259662
[2026-06-08 22:20:36]: Status code: 200
[2026-06-08 22:20:36]: Downloading: /platform/memories/memories/112532417
[2026-06-08 22:20:36]: Status code: 200
[2026-06-08 22:20:36]: Downloading: /platform/tree/persons/M7T2-GY7/sources
[2026-06-08 22:20:37]: Status code: 200
[2026-06-08 22:20:37]: Downloading: /platform/memories/memories/224202373
[2026-06-08 22:20:37]: Status code: 200
[2026-06-08 22:20:37]: Downloading: /platform/memories/memories/234643855
[2026-06-08 22:20:38]: Status code: 200
[2026-06-08 22:20:38]: Downloading: /platform/memories/memories/234643828
[2026-06-08 22:20:38]: Status code: 200
[2026-06-08 22:20:38]: Downloading: /platform/tree/persons/M6YZ-4XS/sources
[2026-06-08 22:20:39]: Status code: 200
[2026-06-08 22:20:39]: Downloading: /platform/memories/memories/151262468
[2026-06-08 22:20:39]: Status code: 200
[2026-06-08 22:20:40]: Status code: 200
[2026-06-08 22:20:40]: Downloading: /platform/memories/memories/29048297
[2026-06-08 22:20:40]: Status code: 200
[2026-06-08 22:20:40]: Downloading: /platform/memories/memories/20513007
[2026-06-08 22:20:41]: Status code: 200
[2026-06-08 22:20:41]: Downloading: /platform/memories/memories/19646515
[2026-06-08 22:20:41]: Status code: 200
[2026-06-08 22:20:41]: Downloading: /platform/memories/memories/19438699
[2026-06-08 22:20:42]: Status code: 200
[2026-06-08 22:20:42]: Downloading: /platform/memories/memories/140873776
[2026-06-08 22:20:42]: Status code: 200
[2026-06-08 22:20:43]: Status code: 200
[2026-06-08 22:20:43]: Downloading: /platform/memories/memories/220184347
[2026-06-08 22:20:43]: Status code: 200
[2026-06-08 22:20:43]: Downloading: /platform/memories/memories/220182769
[2026-06-08 22:20:44]: Status code: 200
[2026-06-08 22:20:44]: Status code: 200
[2026-06-08 22:20:44]: Downloading: /platform/memories/memories/120116128
[2026-06-08 22:20:45]: Status code: 200
[2026-06-08 22:20:45]: Downloading: /platform/memories/memories/21696960
[2026-06-08 22:20:45]: Status code: 200
[2026-06-08 22:20:46]: Status code: 200
[2026-06-08 22:20:46]: Downloading: /platform/memories/memories/21386351
[2026-06-08 22:20:46]: Status code: 200
[2026-06-08 22:20:46]: Downloading: /platform/memories/memories/242794217
[2026-06-08 22:20:47]: Status code: 200
[2026-06-08 22:20:47]: Downloading: /platform/memories/memories/19435890
[2026-06-08 22:20:47]: Status code: 200
[2026-06-08 22:20:48]: Status code: 200
[2026-06-08 22:20:48]: Status code: 200
[2026-06-08 22:20:49]: Status code: 200
[2026-06-08 22:20:49]: Downloading: /platform/memories/memories/112532354
[2026-06-08 22:20:49]: Status code: 200
[2026-06-08 22:20:50]: Status code: 200
[2026-06-08 22:20:50]: Downloading: /platform/memories/memories/62866133
[2026-06-08 22:20:50]: Status code: 200
[2026-06-08 22:20:51]: Status code: 200
[2026-06-08 22:20:51]: Status code: 200
[2026-06-08 22:20:51]: Downloading: /platform/memories/memories/25569558
[2026-06-08 22:20:52]: Status code: 200
[2026-06-08 22:20:52]: Downloading: /platform/memories/memories/114259556
[2026-06-08 22:20:52]: Status code: 200
[2026-06-08 22:20:53]: Status code: 200
[2026-06-08 22:20:53]: Status code: 200
[2026-06-08 22:20:54]: Status code: 200
[2026-06-08 22:20:54]: Downloading: /platform/memories/memories/113194844
[2026-06-08 22:20:54]: Status code: 200
[2026-06-08 22:20:54]: Downloading: /platform/memories/memories/114287318
[2026-06-08 22:20:55]: Status code: 200
[2026-06-08 22:20:55]: Downloading: /platform/memories/memories/113195363
[2026-06-08 22:20:55]: Status code: 200
[2026-06-08 22:20:55]: Downloading: /platform/memories/memories/114287611
[2026-06-08 22:20:56]: Status code: 200
[2026-06-08 22:20:56]: Downloading: /platform/memories/memories/114243076
[2026-06-08 22:20:56]: Status code: 200
[2026-06-08 22:20:56]: Downloading: /platform/memories/memories/113270369
[2026-06-08 22:20:57]: Status code: 200
[2026-06-08 22:20:57]: Downloading: /platform/memories/memories/19435890
[2026-06-08 22:20:57]: Status code: 200
[2026-06-08 22:20:57]: Downloading: /platform/memories/memories/19438699
[2026-06-08 22:20:58]: Status code: 200
[2026-06-08 22:20:58]: Downloading: /platform/memories/memories/19646515
[2026-06-08 22:20:58]: Status code: 200
[2026-06-08 22:20:58]: Downloading: /platform/memories/memories/113270369
[2026-06-08 22:20:59]: Status code: 200
[2026-06-08 22:20:59]: Downloading: /platform/memories/memories/113195701
[2026-06-08 22:20:59]: Status code: 200
[2026-06-08 22:20:59]: Downloading: /platform/memories/memories/113195363
[2026-06-08 22:21:00]: Status code: 200
[2026-06-08 22:21:00]: Downloading: /platform/memories/memories/113195076
[2026-06-08 22:21:00]: Status code: 200
[2026-06-08 22:21:00]: Downloading: /platform/memories/memories/113194892
[2026-06-08 22:21:01]: Status code: 200
[2026-06-08 22:21:01]: Downloading: /platform/memories/memories/113194844
[2026-06-08 22:21:01]: Status code: 200
[2026-06-08 22:21:01]: Downloading: /platform/memories/memories/113181118
[2026-06-08 22:21:02]: Status code: 200
[2026-06-08 22:21:02]: Downloading: /platform/tree/persons?pids=KFG1-1M4,GQ5S-WVQ,KNDZ-VWB,42SX-KMY,MD16-WZG,LBHM-XV2,2R1S-LNF,LRXH-HQ3,K2PW-CXQ,LCVT-D54,LCTB-7N4,KPH3-J5Z,KHFR-W6G,LYPQ-193,KLLJ-VMY,KLCC-F8W,LZGY-2VH,9CWB-P8L,LZJF-PDQ,LR63-NTW,MM73-VB8,GJF3-R4G,LZPZ-YQX,GSHY-25D,MD16-W86,LHQP-9KW,LC52-BKT,PQBP-9JR,LHTD-JDC,LRZY-799,P3R3-C88,LXMY-M45,LT58-GW5,MR79-C1B,PQJG-MWV,2Z3D-53L,LCJ6-ZBJ,LTK5-3T5,LZKX-QSN,MNXP-JBV,KZ64-CYR,L8WV-K7K,LRHD-68R,MP6S-H6M,M7T2-GB6,GSHY-PXN,LZZN-Y79,L5VM-YXV,LV67-WM1,GHJ8-VC8,KFTX-2FR,MXHM-ZYS,9V9Q-CJX,L6T3-GQC,9Q5B-N43,PC9B-XRJ,LHRZ-T2F,GBLG-HLT,MY1H-DDB,GZVM-L75,LCXB-WNR,2ZSS-8Y2,LY7W-W2G,KL13-4BT,LT7L-58P,MTDS-KM6,KN7C-8QH,MZVD-LGW,L4BD-BPY,9KJF-YZQ,LDF8-X3S,LQ5D-1CR,P7KC-35M,LDSY-2LN,L5Y7-P9W,LX7Z-RM5,LRQ2-2SQ,LZD4-MDY,LR9D-Y8X,MFPN-NBK,LTM9-B1V,L6J7-TF1,L6K1-2XP,97CT-W29,LDYN-L2X,LBHM-8DK,KHKW-5PR,KL8C-KHT,LZL8-W67,LJJF-FM4,P7DC-Q2N,GQQ3-C56,L1QV-35D,L6B8-M68,LCXB-W87,LR19-NTN,KN8W-C72,MSP9-G89,M763-S4R,L1HM-7XG,LHVM-JQY,LZPV-6RW,9WFP-V5C,M5V3-V5C,PM8V-B48,L8T4-8RB,G2HW-HX9,MFP8-1G9,KLBH-6WF,L5KF-Y97,P7KC-FL5,KDM4-CPH,GPVX-8CW,LCB4-PMC,LRQ2-FFB,LCX1-NWN,LDYN-LJL,LRWK-F9Z,L2DV-52N,LZZM-174,LZPJ-N7X,LCJ6-638,L5T8-LLJ,LY9F-XT8,L7XS-VQ5,LCX6-8H6,MVZ7-D4D,PQFK-V63,LV7M-N4M,MM73-VY2,LZ1R-6DW,LB4G-45S,LZGL-YVC,MFP4-1YQ,LC52-T5F,LZFL-XSC,L44B-KST,M1QQ-BRF,GQRG-MZQ,KNSK-WSB,LZDP-JT7,LMWP-R9P
[2026-06-08 22:21:03]: Status code: 200
[2026-06-08 22:21:03]: Downloading: /platform/tree/persons/L5KF-Y97/sources
[2026-06-08 22:21:03]: Downloading: /platform/tree/persons/LDYN-LJL/sources
[2026-06-08 22:21:03]: Downloading: /platform/tree/persons/M763-S4R/sources
[2026-06-08 22:21:03]: Downloading: /platform/tree/persons/L7XS-VQ5/sources
[2026-06-08 22:21:03]: Downloading: /platform/tree/persons/LZD4-MDY/sources
[2026-06-08 22:21:03]: Downloading: /platform/tree/persons/LRQ2-FFB/sources
[2026-06-08 22:21:03]: Downloading: /platform/tree/persons/LCVT-D54/sources
[2026-06-08 22:21:03]: Downloading: /platform/tree/persons/LZL8-W67/sources
[2026-06-08 22:21:03]: Downloading: /platform/tree/persons/GQRG-MZQ/sources
[2026-06-08 22:21:03]: Downloading: /platform/tree/persons/LXMY-M45/sources
[2026-06-08 22:21:03]: Downloading: /platform/tree/persons/LRZY-799/sources
[2026-06-08 22:21:03]: Downloading: /platform/tree/persons/LDF8-X3S/sources
[2026-06-08 22:21:03]: Downloading: /platform/tree/persons/LZDP-JT7/sources
[2026-06-08 22:21:03]: Downloading: /platform/tree/persons/GQQ3-C56/sources
[2026-06-08 22:21:03]: Status code: 200
[2026-06-08 22:21:03]: Downloading: /platform/memories/memories/12879285
[2026-06-08 22:21:04]: Status code: 200
[2026-06-08 22:21:04]: Downloading: /platform/memories/memories/90816607
[2026-06-08 22:21:04]: Status code: 200
[2026-06-08 22:21:04]: Downloading: /platform/memories/memories/138469552
[2026-06-08 22:21:04]: Status code: 200
[2026-06-08 22:21:04]: Downloading: /platform/memories/memories/106805240
[2026-06-08 22:21:05]: Status code: 200
[2026-06-08 22:21:05]: Downloading: /platform/memories/memories/106843092
[2026-06-08 22:21:05]: Status code: 200
[2026-06-08 22:21:05]: Downloading: /platform/memories/memories/56390265
[2026-06-08 22:21:06]: Status code: 200
[2026-06-08 22:21:06]: Downloading: /platform/memories/memories/56700427
[2026-06-08 22:21:06]: Status code: 200
[2026-06-08 22:21:06]: Downloading: /platform/memories/memories/124263565
[2026-06-08 22:21:07]: Status code: 200
[2026-06-08 22:21:07]: Downloading: /platform/tree/persons/LHTD-JDC/sources
[2026-06-08 22:21:07]: Status code: 200
[2026-06-08 22:21:07]: Downloading: /platform/memories/memories/32436788
[2026-06-08 22:21:08]: Status code: 200
[2026-06-08 22:21:08]: Downloading: /platform/memories/memories/74166557
[2026-06-08 22:21:08]: Status code: 200
[2026-06-08 22:21:08]: Downloading: /platform/tree/persons/LR9D-Y8X/sources
[2026-06-08 22:21:09]: Status code: 200
[2026-06-08 22:21:09]: Downloading: /platform/memories/memories/235943716
[2026-06-08 22:21:10]: Status code: 200
[2026-06-08 22:21:10]: Downloading: /platform/tree/persons/MNXP-JBV/sources
[2026-06-08 22:21:10]: Status code: 200
[2026-06-08 22:21:10]: Downloading: /platform/tree/persons/KL13-4BT/sources
[2026-06-08 22:21:11]: Status code: 200
[2026-06-08 22:21:11]: Downloading: /platform/tree/persons/MFPN-NBK/sources
[2026-06-08 22:21:11]: Status code: 200
[2026-06-08 22:21:11]: Downloading: /platform/tree/persons/LDYN-L2X/sources
[2026-06-08 22:21:11]: Status code: 200
[2026-06-08 22:21:11]: Downloading: /platform/tree/persons/L4BD-BPY/sources
[2026-06-08 22:21:12]: Status code: 200
[2026-06-08 22:21:12]: Downloading: /platform/tree/persons/LTK5-3T5/sources
[2026-06-08 22:21:13]: Status code: 200
[2026-06-08 22:21:13]: Downloading: /platform/memories/memories/178715517
[2026-06-08 22:21:13]: Status code: 200
[2026-06-08 22:21:13]: Downloading: /platform/memories/memories/77414951
[2026-06-08 22:21:14]: Status code: 200
[2026-06-08 22:21:14]: Downloading: /platform/memories/memories/241080003
[2026-06-08 22:21:14]: Status code: 200
[2026-06-08 22:21:14]: Downloading: /platform/memories/memories/186610733
[2026-06-08 22:21:14]: Status code: 200
[2026-06-08 22:21:14]: Downloading: /platform/memories/memories/20755122
[2026-06-08 22:21:15]: Status code: 200
[2026-06-08 22:21:15]: Downloading: /platform/memories/memories/90194169
[2026-06-08 22:21:16]: Status code: 200
[2026-06-08 22:21:16]: Downloading: /platform/memories/memories/165884057
[2026-06-08 22:21:16]: Status code: 200
[2026-06-08 22:21:16]: Downloading: /platform/memories/memories/116878642
[2026-06-08 22:21:16]: Status code: 200
[2026-06-08 22:21:16]: Downloading: /platform/memories/memories/117369560
[2026-06-08 22:21:17]: Status code: 200
[2026-06-08 22:21:17]: Downloading: /platform/memories/memories/53177220
[2026-06-08 22:21:17]: Status code: 200
[2026-06-08 22:21:17]: Downloading: /platform/tree/persons/9KJF-YZQ/sources
[2026-06-08 22:21:18]: Status code: 200
[2026-06-08 22:21:18]: Downloading: /platform/memories/memories/7792762
[2026-06-08 22:21:18]: Status code: 200
[2026-06-08 22:21:18]: Downloading: /platform/memories/memories/127299264
[2026-06-08 22:21:19]: Status code: 200
[2026-06-08 22:21:19]: Downloading: /platform/tree/persons/KNDZ-VWB/sources
[2026-06-08 22:21:19]: Status code: 200
[2026-06-08 22:21:19]: Downloading: /platform/tree/persons/L5VM-YXV/sources
[2026-06-08 22:21:20]: Status code: 200
[2026-06-08 22:21:20]: Downloading: /platform/tree/persons/LRXH-HQ3/sources
[2026-06-08 22:21:20]: Status code: 200
[2026-06-08 22:21:20]: Downloading: /platform/tree/persons/LT7L-58P/sources
[2026-06-08 22:21:21]: Status code: 200
[2026-06-08 22:21:21]: Downloading: /platform/memories/memories/241079981
[2026-06-08 22:21:22]: Status code: 200
[2026-06-08 22:21:22]: Downloading: /platform/memories/memories/202257188
[2026-06-08 22:21:22]: Status code: 200
[2026-06-08 22:21:22]: Downloading: /platform/memories/memories/29527730
[2026-06-08 22:21:22]: Status code: 200
[2026-06-08 22:21:22]: Downloading: /platform/tree/persons/LB4G-45S/sources
[2026-06-08 22:21:23]: Status code: 200
[2026-06-08 22:21:23]: Downloading: /platform/memories/memories/117370299
[2026-06-08 22:21:23]: Status code: 200
[2026-06-08 22:21:23]: Downloading: /platform/memories/memories/159107943
[2026-06-08 22:21:24]: Status code: 200
[2026-06-08 22:21:24]: Downloading: /platform/memories/memories/116878642
[2026-06-08 22:21:24]: Status code: 200
[2026-06-08 22:21:24]: Downloading: /platform/memories/memories/109695644
[2026-06-08 22:21:25]: Status code: 200
[2026-06-08 22:21:25]: Downloading: /platform/tree/persons/9Q5B-N43/sources
[2026-06-08 22:21:25]: Status code: 200
[2026-06-08 22:21:25]: Downloading: /platform/tree/persons/KHFR-W6G/sources
[2026-06-08 22:21:26]: Status code: 200
[2026-06-08 22:21:26]: Downloading: /platform/memories/memories/158974184
[2026-06-08 22:21:27]: Status code: 200
[2026-06-08 22:21:27]: Downloading: /platform/tree/persons/LV7M-N4M/sources
[2026-06-08 22:21:27]: Status code: 200
[2026-06-08 22:21:27]: Downloading: /platform/memories/memories/227962135
[2026-06-08 22:21:27]: Status code: 200
[2026-06-08 22:21:27]: Downloading: /platform/memories/memories/7792764
[2026-06-08 22:21:28]: Status code: 200
[2026-06-08 22:21:28]: Downloading: /platform/memories/memories/98840251
[2026-06-08 22:21:28]: Status code: 200
[2026-06-08 22:21:28]: Downloading: /platform/memories/memories/187524747
[2026-06-08 22:21:29]: Status code: 200
[2026-06-08 22:21:29]: Downloading: /platform/memories/memories/7792751
[2026-06-08 22:21:30]: Status code: 200
[2026-06-08 22:21:30]: Downloading: /platform/memories/memories/242795442
[2026-06-08 22:21:30]: Status code: 200
[2026-06-08 22:21:30]: Downloading: /platform/memories/memories/202325675
[2026-06-08 22:21:31]: Status code: 200
[2026-06-08 22:21:31]: Downloading: /platform/memories/memories/52998330
[2026-06-08 22:21:31]: Status code: 200
[2026-06-08 22:21:31]: Downloading: /platform/tree/persons/LBHM-XV2/sources
[2026-06-08 22:21:31]: Status code: 200
[2026-06-08 22:21:31]: Downloading: /platform/memories/memories/86699930
[2026-06-08 22:21:32]: Status code: 200
[2026-06-08 22:21:32]: Downloading: /platform/memories/memories/241079961
[2026-06-08 22:21:32]: Status code: 200
[2026-06-08 22:21:32]: Downloading: /platform/tree/persons/LR19-NTN/sources
[2026-06-08 22:21:33]: Status code: 200
[2026-06-08 22:21:33]: Downloading: /platform/memories/memories/12318452
[2026-06-08 22:21:33]: Status code: 200
[2026-06-08 22:21:33]: Downloading: /platform/tree/persons/MM73-VY2/sources
[2026-06-08 22:21:34]: Status code: 200
[2026-06-08 22:21:34]: Downloading: /platform/memories/memories/181618408
[2026-06-08 22:21:34]: Status code: 200
[2026-06-08 22:21:34]: Downloading: /platform/memories/memories/86686932
[2026-06-08 22:21:35]: Status code: 200
[2026-06-08 22:21:35]: Downloading: /platform/memories/memories/241079936
[2026-06-08 22:21:35]: Status code: 200
[2026-06-08 22:21:35]: Downloading: /platform/memories/memories/181619155
[2026-06-08 22:21:36]: Status code: 200
[2026-06-08 22:21:36]: Downloading: /platform/memories/memories/217567569
[2026-06-08 22:21:36]: Status code: 200
[2026-06-08 22:21:36]: Downloading: /platform/tree/persons/LCJ6-ZBJ/sources
[2026-06-08 22:21:37]: Status code: 200
[2026-06-08 22:21:37]: Downloading: /platform/memories/memories/1672662
[2026-06-08 22:21:37]: Status code: 200
[2026-06-08 22:21:37]: Downloading: /platform/memories/memories/181619155
[2026-06-08 22:21:38]: Status code: 200
[2026-06-08 22:21:38]: Downloading: /platform/tree/persons/P7KC-35M/sources
[2026-06-08 22:21:39]: Status code: 200
[2026-06-08 22:21:39]: Downloading: /platform/memories/memories/135522404
[2026-06-08 22:21:39]: Status code: 200
[2026-06-08 22:21:39]: Downloading: /platform/memories/memories/24038099
[2026-06-08 22:21:40]: Status code: 200
[2026-06-08 22:21:40]: Downloading: /platform/tree/persons/GQ5S-WVQ/sources
[2026-06-08 22:21:40]: Status code: 200
[2026-06-08 22:21:40]: Downloading: /platform/tree/persons/LZZN-Y79/sources
[2026-06-08 22:21:40]: Status code: 200
[2026-06-08 22:21:40]: Downloading: /platform/tree/persons/LC52-BKT/sources
[2026-06-08 22:21:41]: Status code: 200
[2026-06-08 22:21:41]: Downloading: /platform/tree/persons/L1HM-7XG/sources
[2026-06-08 22:21:42]: Status code: 200
[2026-06-08 22:21:42]: Downloading: /platform/memories/memories/186610626
[2026-06-08 22:21:42]: Status code: 200
[2026-06-08 22:21:42]: Downloading: /platform/memories/memories/159107943
[2026-06-08 22:21:42]: Status code: 200
[2026-06-08 22:21:42]: Downloading: /platform/tree/persons/LDSY-2LN/sources
[2026-06-08 22:21:43]: Status code: 200
[2026-06-08 22:21:43]: Downloading: /platform/memories/memories/135206274
[2026-06-08 22:21:43]: Status code: 200
[2026-06-08 22:21:43]: Downloading: /platform/tree/persons/LCTB-7N4/sources
[2026-06-08 22:21:44]: Status code: 200
[2026-06-08 22:21:44]: Downloading: /platform/memories/memories/99700001
[2026-06-08 22:21:44]: Status code: 200
[2026-06-08 22:21:44]: Downloading: /platform/memories/memories/241079920
[2026-06-08 22:21:45]: Status code: 200
[2026-06-08 22:21:45]: Downloading: /platform/memories/memories/1507113
[2026-06-08 22:21:45]: Status code: 200
[2026-06-08 22:21:45]: Downloading: /platform/memories/memories/7376425
[2026-06-08 22:21:46]: Status code: 200
[2026-06-08 22:21:46]: Downloading: /platform/memories/memories/241079880
[2026-06-08 22:21:46]: Status code: 200
[2026-06-08 22:21:46]: Downloading: /platform/memories/memories/51950322
[2026-06-08 22:21:47]: Status code: 200
[2026-06-08 22:21:47]: Downloading: /platform/tree/persons/LZPZ-YQX/sources
[2026-06-08 22:21:47]: Status code: 200
[2026-06-08 22:21:47]: Downloading: /platform/memories/memories/135206272
[2026-06-08 22:21:48]: Status code: 200
[2026-06-08 22:21:48]: Downloading: /platform/memories/memories/7376411
[2026-06-08 22:21:48]: Status code: 200
[2026-06-08 22:21:48]: Downloading: /platform/memories/memories/241079578
[2026-06-08 22:21:49]: Status code: 200
[2026-06-08 22:21:49]: Downloading: /platform/memories/memories/7376390
[2026-06-08 22:21:49]: Status code: 200
[2026-06-08 22:21:49]: Downloading: /platform/memories/memories/240811265
[2026-06-08 22:21:50]: Status code: 200
[2026-06-08 22:21:50]: Downloading: /platform/memories/memories/7376373
[2026-06-08 22:21:50]: Status code: 200
[2026-06-08 22:21:50]: Downloading: /platform/memories/memories/200629307
[2026-06-08 22:21:51]: Status code: 200
[2026-06-08 22:21:51]: Downloading: /platform/memories/memories/7376354
[2026-06-08 22:21:51]: Status code: 200
[2026-06-08 22:21:51]: Downloading: /platform/memories/memories/7376333
[2026-06-08 22:21:52]: Status code: 200
[2026-06-08 22:21:52]: Downloading: /platform/memories/memories/113935238
[2026-06-08 22:21:52]: Status code: 200
[2026-06-08 22:21:52]: Downloading: /platform/memories/memories/109486018
[2026-06-08 22:21:53]: Status code: 200
[2026-06-08 22:21:53]: Downloading: /platform/memories/memories/44249103
[2026-06-08 22:21:53]: Status code: 200
[2026-06-08 22:21:53]: Downloading: /platform/memories/memories/115741328
[2026-06-08 22:21:54]: Status code: 200
[2026-06-08 22:21:54]: Downloading: /platform/memories/memories/179087786
[2026-06-08 22:21:54]: Status code: 200
[2026-06-08 22:21:54]: Downloading: /platform/memories/memories/115721038
[2026-06-08 22:21:55]: Status code: 200
[2026-06-08 22:21:55]: Downloading: /platform/memories/memories/7376278
[2026-06-08 22:21:56]: Status code: 200
[2026-06-08 22:21:56]: Downloading: /platform/memories/memories/227962135
[2026-06-08 22:21:56]: Status code: 200
[2026-06-08 22:21:56]: Downloading: /platform/tree/persons/MFP4-1YQ/sources
[2026-06-08 22:21:56]: Status code: 200
[2026-06-08 22:21:56]: Downloading: /platform/tree/persons/GPVX-8CW/sources
[2026-06-08 22:21:57]: Status code: 200
[2026-06-08 22:21:57]: Downloading: /platform/memories/memories/86578286
[2026-06-08 22:21:57]: Status code: 200
[2026-06-08 22:21:57]: Downloading: /platform/memories/memories/88520121
[2026-06-08 22:21:58]: Status code: 200
[2026-06-08 22:21:58]: Downloading: /platform/memories/memories/125858623
[2026-06-08 22:21:58]: Status code: 200
[2026-06-08 22:21:58]: Downloading: /platform/memories/memories/96662010
[2026-06-08 22:21:59]: Status code: 200
[2026-06-08 22:21:59]: Downloading: /platform/memories/memories/130315766
[2026-06-08 22:21:59]: Status code: 200
[2026-06-08 22:21:59]: Downloading: /platform/memories/memories/87840023
[2026-06-08 22:22:00]: Status code: 200
[2026-06-08 22:22:00]: Downloading: /platform/memories/memories/181618408
[2026-06-08 22:22:01]: Status code: 200
[2026-06-08 22:22:01]: Downloading: /platform/memories/memories/23522619
[2026-06-08 22:22:01]: Status code: 200
[2026-06-08 22:22:01]: Downloading: /platform/memories/memories/134781397
[2026-06-08 22:22:01]: Status code: 200
[2026-06-08 22:22:01]: Downloading: /platform/memories/memories/237177486
[2026-06-08 22:22:02]: Status code: 200
[2026-06-08 22:22:02]: Downloading: /platform/memories/memories/181281216
[2026-06-08 22:22:02]: Status code: 200
[2026-06-08 22:22:02]: Downloading: /platform/memories/memories/129162866
[2026-06-08 22:22:03]: Status code: 200
[2026-06-08 22:22:03]: Downloading: /platform/memories/memories/217567614
[2026-06-08 22:22:03]: Status code: 200
[2026-06-08 22:22:03]: Downloading: /platform/memories/memories/193008237
[2026-06-08 22:22:04]: Status code: 200
[2026-06-08 22:22:04]: Downloading: /platform/memories/memories/148288376
[2026-06-08 22:22:04]: Status code: 200
[2026-06-08 22:22:04]: Downloading: /platform/memories/memories/115719460
[2026-06-08 22:22:05]: Status code: 200
[2026-06-08 22:22:05]: Downloading: /platform/memories/memories/185471254
[2026-06-08 22:22:06]: Status code: 200
[2026-06-08 22:22:06]: Downloading: /platform/tree/persons/KN8W-C72/sources
[2026-06-08 22:22:06]: Status code: 200
[2026-06-08 22:22:06]: Downloading: /platform/tree/persons/LCJ6-638/sources
[2026-06-08 22:22:06]: Status code: 200
[2026-06-08 22:22:06]: Downloading: /platform/memories/memories/115973070
[2026-06-08 22:22:07]: Status code: 404
[2026-06-08 22:22:07]: WARNING: /platform/memories/memories/181281216
[2026-06-08 22:22:07]: Downloading: /platform/memories/memories/224327619
[2026-06-08 22:22:07]: Status code: 200
[2026-06-08 22:22:07]: Downloading: /platform/tree/persons/LV67-WM1/sources
[2026-06-08 22:22:08]: Status code: 200
[2026-06-08 22:22:08]: Downloading: /platform/memories/memories/114184044
[2026-06-08 22:22:08]: Status code: 200
[2026-06-08 22:22:08]: Downloading: /platform/memories/memories/224327664
[2026-06-08 22:22:09]: Status code: 200
[2026-06-08 22:22:09]: Downloading: /platform/tree/persons/MFP8-1G9/sources
[2026-06-08 22:22:09]: Status code: 200
[2026-06-08 22:22:09]: Downloading: /platform/memories/memories/158971161
[2026-06-08 22:22:10]: Status code: 200
[2026-06-08 22:22:10]: Downloading: /platform/memories/memories/179221854
[2026-06-08 22:22:10]: Status code: 200
[2026-06-08 22:22:10]: Downloading: /platform/memories/memories/33156659
[2026-06-08 22:22:11]: Status code: 200
[2026-06-08 22:22:11]: Downloading: /platform/tree/persons/LC52-T5F/sources
[2026-06-08 22:22:11]: Status code: 200
[2026-06-08 22:22:11]: Downloading: /platform/memories/memories/158352673
[2026-06-08 22:22:12]: Status code: 200
[2026-06-08 22:22:12]: Downloading: /platform/tree/persons/9V9Q-CJX/sources
[2026-06-08 22:22:12]: Status code: 200
[2026-06-08 22:22:12]: Downloading: /platform/memories/memories/114184030
[2026-06-08 22:22:13]: Status code: 200
[2026-06-08 22:22:13]: Downloading: /platform/memories/memories/113064708
[2026-06-08 22:22:13]: Status code: 200
[2026-06-08 22:22:13]: Downloading: /platform/memories/memories/56181646
[2026-06-08 22:22:14]: Status code: 200
[2026-06-08 22:22:14]: Downloading: /platform/memories/memories/7376291
[2026-06-08 22:22:14]: Status code: 200
[2026-06-08 22:22:14]: Downloading: /platform/memories/memories/114167865
[2026-06-08 22:22:15]: Status code: 200
[2026-06-08 22:22:15]: Downloading: /platform/memories/memories/224327649
[2026-06-08 22:22:15]: Status code: 200
[2026-06-08 22:22:15]: Downloading: /platform/memories/memories/114183971
[2026-06-08 22:22:16]: Status code: 200
[2026-06-08 22:22:16]: Downloading: /platform/memories/memories/193008235
[2026-06-08 22:22:16]: Status code: 200
[2026-06-08 22:22:16]: Downloading: /platform/tree/persons/P7KC-FL5/sources
[2026-06-08 22:22:17]: Status code: 200
[2026-06-08 22:22:17]: Downloading: /platform/memories/memories/240900575
[2026-06-08 22:22:18]: Status code: 200
[2026-06-08 22:22:18]: Downloading: /platform/tree/persons/LHQP-9KW/sources
[2026-06-08 22:22:18]: Status code: 200
[2026-06-08 22:22:18]: Downloading: /platform/memories/memories/219615529
[2026-06-08 22:22:19]: Status code: 200
[2026-06-08 22:22:19]: Downloading: /platform/memories/memories/212205765
[2026-06-08 22:22:19]: Status code: 200
[2026-06-08 22:22:19]: Downloading: /platform/tree/persons/KLLJ-VMY/sources
[2026-06-08 22:22:20]: Status code: 200
[2026-06-08 22:22:20]: Downloading: /platform/memories/memories/15190487
[2026-06-08 22:22:20]: Status code: 200
[2026-06-08 22:22:20]: Downloading: /platform/tree/persons/L8WV-K7K/sources
[2026-06-08 22:22:20]: Status code: 200
[2026-06-08 22:22:20]: Downloading: /platform/memories/memories/69938691
[2026-06-08 22:22:21]: Status code: 200
[2026-06-08 22:22:21]: Downloading: /platform/memories/memories/117956141
[2026-06-08 22:22:21]: Status code: 200
[2026-06-08 22:22:21]: Downloading: /platform/memories/memories/200527345
[2026-06-08 22:22:22]: Status code: 200
[2026-06-08 22:22:22]: Downloading: /platform/memories/memories/135206275
[2026-06-08 22:22:22]: Status code: 200
[2026-06-08 22:22:22]: Downloading: /platform/memories/memories/193008237
[2026-06-08 22:22:23]: Status code: 200
[2026-06-08 22:22:23]: Downloading: /platform/memories/memories/135206263
[2026-06-08 22:22:23]: Status code: 200
[2026-06-08 22:22:23]: Downloading: /platform/tree/persons/MM73-VB8/sources
[2026-06-08 22:22:24]: Status code: 200
[2026-06-08 22:22:24]: Downloading: /platform/tree/persons/97CT-W29/sources
[2026-06-08 22:22:24]: Status code: 200
[2026-06-08 22:22:24]: Downloading: /platform/memories/memories/114259125
[2026-06-08 22:22:25]: Status code: 200
[2026-06-08 22:22:25]: Downloading: /platform/memories/memories/21502728
[2026-06-08 22:22:25]: Status code: 200
[2026-06-08 22:22:25]: Downloading: /platform/memories/memories/114183971
[2026-06-08 22:22:26]: Status code: 200
[2026-06-08 22:22:26]: Downloading: /platform/memories/memories/117948890
[2026-06-08 22:22:26]: Status code: 200
[2026-06-08 22:22:26]: Downloading: /platform/memories/memories/44249230
[2026-06-08 22:22:27]: Status code: 200
[2026-06-08 22:22:27]: Downloading: /platform/tree/persons/L44B-KST/sources
[2026-06-08 22:22:27]: Status code: 200
[2026-06-08 22:22:27]: Downloading: /platform/memories/memories/181281326
[2026-06-08 22:22:28]: Status code: 200
[2026-06-08 22:22:28]: Downloading: /platform/tree/persons/L6J7-TF1/sources
[2026-06-08 22:22:28]: Status code: 200
[2026-06-08 22:22:28]: Downloading: /platform/memories/memories/135206267
[2026-06-08 22:22:29]: Status code: 200
[2026-06-08 22:22:29]: Downloading: /platform/tree/persons/GSHY-PXN/sources
[2026-06-08 22:22:30]: Status code: 200
[2026-06-08 22:22:30]: Downloading: /platform/tree/persons/GHJ8-VC8/sources
[2026-06-08 22:22:30]: Status code: 200
[2026-06-08 22:22:30]: Downloading: /platform/memories/memories/109409608
[2026-06-08 22:22:30]: Status code: 200
[2026-06-08 22:22:30]: Downloading: /platform/memories/memories/205786694
[2026-06-08 22:22:31]: Status code: 200
[2026-06-08 22:22:31]: Downloading: /platform/memories/memories/114183946
[2026-06-08 22:22:31]: Status code: 200
[2026-06-08 22:22:31]: Downloading: /platform/tree/persons/M7T2-GB6/sources
[2026-06-08 22:22:32]: Status code: 200
[2026-06-08 22:22:32]: Downloading: /platform/memories/memories/114259556
[2026-06-08 22:22:32]: Status code: 200
[2026-06-08 22:22:32]: Downloading: /platform/memories/memories/135206264
[2026-06-08 22:22:33]: Status code: 200
[2026-06-08 22:22:33]: Downloading: /platform/memories/memories/141473041
[2026-06-08 22:22:33]: Status code: 200
[2026-06-08 22:22:33]: Downloading: /platform/memories/memories/20557545
[2026-06-08 22:22:34]: Status code: 200
[2026-06-08 22:22:34]: Downloading: /platform/tree/persons/LBHM-8DK/sources
[2026-06-08 22:22:34]: Status code: 200
[2026-06-08 22:22:34]: Downloading: /platform/tree/persons/LHRZ-T2F/sources
[2026-06-08 22:22:35]: Status code: 200
[2026-06-08 22:22:35]: Downloading: /platform/memories/memories/205786675
[2026-06-08 22:22:35]: Status code: 200
[2026-06-08 22:22:35]: Downloading: /platform/memories/memories/129115480
[2026-06-08 22:22:36]: Status code: 200
[2026-06-08 22:22:36]: Downloading: /platform/memories/memories/16376299
[2026-06-08 22:22:37]: Status code: 200
[2026-06-08 22:22:37]: Downloading: /platform/memories/memories/146038059
[2026-06-08 22:22:37]: Status code: 200
[2026-06-08 22:22:37]: Downloading: /platform/memories/memories/114184044
[2026-06-08 22:22:37]: Status code: 200
[2026-06-08 22:22:37]: Downloading: /platform/tree/persons/L5T8-LLJ/sources
[2026-06-08 22:22:38]: Status code: 200
[2026-06-08 22:22:38]: Downloading: /platform/memories/memories/164960380
[2026-06-08 22:22:38]: Status code: 200
[2026-06-08 22:22:38]: Downloading: /platform/tree/persons/L6B8-M68/sources
[2026-06-08 22:22:39]: Status code: 200
[2026-06-08 22:22:39]: Downloading: /platform/memories/memories/114184030
[2026-06-08 22:22:39]: Status code: 200
[2026-06-08 22:22:39]: Downloading: /platform/memories/memories/240704919
[2026-06-08 22:22:40]: Status code: 200
[2026-06-08 22:22:40]: Downloading: /platform/memories/memories/129115481
[2026-06-08 22:22:40]: Status code: 200
[2026-06-08 22:22:40]: Downloading: /platform/memories/memories/218684912
[2026-06-08 22:22:41]: Status code: 200
[2026-06-08 22:22:41]: Downloading: /platform/tree/persons/L5Y7-P9W/sources
[2026-06-08 22:22:41]: Status code: 200
[2026-06-08 22:22:41]: Downloading: /platform/memories/memories/120837014
[2026-06-08 22:22:42]: Status code: 200
[2026-06-08 22:22:42]: Downloading: /platform/memories/memories/119189233
[2026-06-08 22:22:42]: Status code: 200
[2026-06-08 22:22:42]: Downloading: /platform/memories/memories/241519962
[2026-06-08 22:22:43]: Status code: 200
[2026-06-08 22:22:43]: Downloading: /platform/memories/memories/69955960
[2026-06-08 22:22:43]: Status code: 200
[2026-06-08 22:22:43]: Downloading: /platform/memories/memories/240349249
[2026-06-08 22:22:44]: Status code: 200
[2026-06-08 22:22:44]: Downloading: /platform/memories/memories/204019364
[2026-06-08 22:22:44]: Status code: 200
[2026-06-08 22:22:44]: Downloading: /platform/memories/memories/119765175
[2026-06-08 22:22:45]: Status code: 200
[2026-06-08 22:22:45]: Downloading: /platform/memories/memories/118032790
[2026-06-08 22:22:45]: Status code: 200
[2026-06-08 22:22:45]: Downloading: /platform/memories/memories/129115479
[2026-06-08 22:22:46]: Status code: 200
[2026-06-08 22:22:46]: Downloading: /platform/memories/memories/241519930
[2026-06-08 22:22:46]: Status code: 200
[2026-06-08 22:22:46]: Downloading: /platform/memories/memories/119184985
[2026-06-08 22:22:47]: Status code: 200
[2026-06-08 22:22:47]: Downloading: /platform/memories/memories/37427271
[2026-06-08 22:22:47]: Status code: 200
[2026-06-08 22:22:47]: Downloading: /platform/memories/memories/190785505
[2026-06-08 22:22:48]: Status code: 200
[2026-06-08 22:22:48]: Downloading: /platform/memories/memories/118526386
[2026-06-08 22:22:48]: Status code: 200
[2026-06-08 22:22:48]: Downloading: /platform/memories/memories/118524469
[2026-06-08 22:22:49]: Status code: 200
[2026-06-08 22:22:49]: Downloading: /platform/memories/memories/241519804
[2026-06-08 22:22:49]: Status code: 200
[2026-06-08 22:22:49]: Downloading: /platform/memories/memories/241519782
[2026-06-08 22:22:50]: Status code: 200
[2026-06-08 22:22:50]: Downloading: /platform/memories/memories/114259818
[2026-06-08 22:22:50]: Status code: 200
[2026-06-08 22:22:50]: Downloading: /platform/memories/memories/190785478
[2026-06-08 22:22:51]: Status code: 200
[2026-06-08 22:22:51]: Downloading: /platform/memories/memories/135206268
[2026-06-08 22:22:51]: Status code: 200
[2026-06-08 22:22:51]: Downloading: /platform/memories/memories/182659229
[2026-06-08 22:22:52]: Status code: 200
[2026-06-08 22:22:52]: Downloading: /platform/tree/persons/LCXB-W87/sources
[2026-06-08 22:22:52]: Status code: 200
[2026-06-08 22:22:52]: Downloading: /platform/tree/persons/2ZSS-8Y2/sources
[2026-06-08 22:22:53]: Status code: 200
[2026-06-08 22:22:53]: Downloading: /platform/tree/persons/L8T4-8RB/sources
[2026-06-08 22:22:53]: Status code: 200
[2026-06-08 22:22:53]: Downloading: /platform/memories/memories/129115695
[2026-06-08 22:22:54]: Status code: 200
[2026-06-08 22:22:54]: Downloading: /platform/memories/memories/91126036
[2026-06-08 22:22:54]: Status code: 200
[2026-06-08 22:22:54]: Downloading: /platform/memories/memories/114260442
[2026-06-08 22:22:55]: Status code: 200
[2026-06-08 22:22:55]: Downloading: /platform/tree/persons/MXHM-ZYS/sources
[2026-06-08 22:22:56]: Status code: 200
[2026-06-08 22:22:56]: Downloading: /platform/memories/memories/10052737
[2026-06-08 22:22:56]: Status code: 200
[2026-06-08 22:22:56]: Downloading: /platform/memories/memories/159107943
[2026-06-08 22:22:56]: Status code: 200
[2026-06-08 22:22:56]: Downloading: /platform/memories/memories/90240711
[2026-06-08 22:22:57]: Status code: 200
[2026-06-08 22:22:57]: Downloading: /platform/memories/memories/158974184
[2026-06-08 22:22:57]: Status code: 200
[2026-06-08 22:22:57]: Downloading: /platform/memories/memories/73399691
[2026-06-08 22:22:58]: Status code: 200
[2026-06-08 22:22:58]: Downloading: /platform/memories/memories/160967972
[2026-06-08 22:22:58]: Status code: 200
[2026-06-08 22:22:58]: Downloading: /platform/tree/persons/9CWB-P8L/sources
[2026-06-08 22:22:59]: Status code: 200
[2026-06-08 22:22:59]: Downloading: /platform/memories/memories/90067588
[2026-06-08 22:22:59]: Status code: 200
[2026-06-08 22:22:59]: Downloading: /platform/memories/memories/137115742
[2026-06-08 22:23:00]: Status code: 200
[2026-06-08 22:23:00]: Downloading: /platform/memories/memories/220067643
[2026-06-08 22:23:00]: Status code: 200
[2026-06-08 22:23:00]: Downloading: /platform/memories/memories/34622941
[2026-06-08 22:23:01]: Status code: 200
[2026-06-08 22:23:01]: Downloading: /platform/memories/memories/87774241
[2026-06-08 22:23:01]: Status code: 200
[2026-06-08 22:23:01]: Downloading: /platform/memories/memories/241436093
[2026-06-08 22:23:02]: Status code: 403
[2026-06-08 22:23:02]: HTTPError
[2026-06-08 22:23:02]: WARNING: code 403 from /platform/memories/memories/220067643 Failure in upstream call: Unable to read artifact description. (upstream 403)
[2026-06-08 22:23:02]: Downloading: /platform/memories/memories/218398082
[2026-06-08 22:23:02]: Status code: 200
[2026-06-08 22:23:02]: Downloading: /platform/memories/memories/241436060
[2026-06-08 22:23:03]: Status code: 200
[2026-06-08 22:23:03]: Downloading: /platform/tree/persons/L6K1-2XP/sources
[2026-06-08 22:23:03]: Status code: 200
[2026-06-08 22:23:03]: Downloading: /platform/memories/memories/181163350
[2026-06-08 22:23:04]: Status code: 200
[2026-06-08 22:23:04]: Downloading: /platform/memories/memories/135206266
[2026-06-08 22:23:04]: Status code: 200
[2026-06-08 22:23:04]: Downloading: /platform/tree/persons/MR79-C1B/sources
[2026-06-08 22:23:05]: Status code: 200
[2026-06-08 22:23:05]: Downloading: /platform/memories/memories/211549361
[2026-06-08 22:23:05]: Status code: 200
[2026-06-08 22:23:05]: Downloading: /platform/memories/memories/34623183
[2026-06-08 22:23:06]: Status code: 200
[2026-06-08 22:23:06]: Downloading: /platform/memories/memories/114167865
[2026-06-08 22:23:06]: Status code: 200
[2026-06-08 22:23:06]: Downloading: /platform/tree/persons/LT58-GW5/sources
[2026-06-08 22:23:07]: Status code: 200
[2026-06-08 22:23:07]: Downloading: /platform/memories/memories/131692368
[2026-06-08 22:23:08]: Status code: 200
[2026-06-08 22:23:08]: Downloading: /platform/memories/memories/56390265
[2026-06-08 22:23:08]: Status code: 200
[2026-06-08 22:23:08]: Downloading: /platform/tree/persons/2R1S-LNF/sources
[2026-06-08 22:23:08]: Status code: 200
[2026-06-08 22:23:08]: Downloading: /platform/memories/memories/118522380
[2026-06-08 22:23:09]: Status code: 200
[2026-06-08 22:23:09]: Downloading: /platform/memories/memories/49095098
[2026-06-08 22:23:09]: Status code: 200
[2026-06-08 22:23:09]: Downloading: /platform/memories/memories/20545821
[2026-06-08 22:23:10]: Status code: 200
[2026-06-08 22:23:10]: Downloading: /platform/memories/memories/146032539
[2026-06-08 22:23:10]: Status code: 200
[2026-06-08 22:23:10]: Downloading: /platform/memories/memories/19435890
[2026-06-08 22:23:11]: Status code: 200
[2026-06-08 22:23:11]: Downloading: /platform/tree/persons/LJJF-FM4/sources
[2026-06-08 22:23:11]: Status code: 200
[2026-06-08 22:23:11]: Downloading: /platform/memories/memories/162381636
[2026-06-08 22:23:12]: Status code: 200
[2026-06-08 22:23:12]: Downloading: /platform/tree/persons/LZKX-QSN/sources
[2026-06-08 22:23:12]: Status code: 200
[2026-06-08 22:23:12]: Downloading: /platform/memories/memories/19646515
[2026-06-08 22:23:13]: Status code: 200
[2026-06-08 22:23:13]: Downloading: /platform/memories/memories/118516990
[2026-06-08 22:23:13]: Status code: 200
[2026-06-08 22:23:13]: Downloading: /platform/tree/persons/PM8V-B48/sources
[2026-06-08 22:23:14]: Status code: 200
[2026-06-08 22:23:14]: Downloading: /platform/memories/memories/114260751
[2026-06-08 22:23:14]: Status code: 200
[2026-06-08 22:23:14]: Downloading: /platform/tree/persons/LZFL-XSC/sources
[2026-06-08 22:23:15]: Status code: 200
[2026-06-08 22:23:15]: Downloading: /platform/memories/memories/211549340
[2026-06-08 22:23:15]: Status code: 200
[2026-06-08 22:23:15]: Downloading: /platform/memories/memories/90192725
[2026-06-08 22:23:16]: Status code: 200
[2026-06-08 22:23:16]: Downloading: /platform/memories/memories/8671963
[2026-06-08 22:23:16]: Status code: 200
[2026-06-08 22:23:16]: Downloading: /platform/tree/persons/KN7C-8QH/sources
[2026-06-08 22:23:17]: Status code: 200
[2026-06-08 22:23:17]: Downloading: /platform/memories/memories/20554435
[2026-06-08 22:23:17]: Status code: 200
[2026-06-08 22:23:17]: Downloading: /platform/memories/memories/27676661
[2026-06-08 22:23:18]: Status code: 200
[2026-06-08 22:23:18]: Downloading: /platform/memories/memories/121862847
[2026-06-08 22:23:18]: Status code: 200
[2026-06-08 22:23:18]: Downloading: /platform/tree/persons/LCB4-PMC/sources
[2026-06-08 22:23:19]: Status code: 200
[2026-06-08 22:23:19]: Downloading: /platform/tree/persons/GZVM-L75/sources
[2026-06-08 22:23:19]: Status code: 200
[2026-06-08 22:23:19]: Downloading: /platform/memories/memories/7850292
[2026-06-08 22:23:20]: Status code: 200
[2026-06-08 22:23:20]: Downloading: /platform/memories/memories/118516793
[2026-06-08 22:23:21]: Status code: 200
[2026-06-08 22:23:21]: Downloading: /platform/memories/memories/169421463
[2026-06-08 22:23:21]: Status code: 200
[2026-06-08 22:23:21]: Downloading: /platform/memories/memories/197073488
[2026-06-08 22:23:21]: Status code: 200
[2026-06-08 22:23:21]: Downloading: /platform/memories/memories/179488910
[2026-06-08 22:23:22]: Status code: 200
[2026-06-08 22:23:22]: Downloading: /platform/memories/memories/90192714
[2026-06-08 22:23:22]: Status code: 200
[2026-06-08 22:23:22]: Downloading: /platform/tree/persons/L6T3-GQC/sources
[2026-06-08 22:23:23]: Status code: 200
[2026-06-08 22:23:23]: Downloading: /platform/memories/memories/66247451
[2026-06-08 22:23:23]: Status code: 404
[2026-06-08 22:23:23]: WARNING: /platform/memories/memories/197073488
[2026-06-08 22:23:23]: Downloading: /platform/memories/memories/189169252
[2026-06-08 22:23:24]: Status code: 200
[2026-06-08 22:23:24]: Downloading: /platform/tree/persons/MZVD-LGW/sources
[2026-06-08 22:23:24]: Status code: 200
[2026-06-08 22:23:24]: Downloading: /platform/memories/memories/141569862
[2026-06-08 22:23:25]: Status code: 200
[2026-06-08 22:23:25]: Downloading: /platform/memories/memories/44249124
[2026-06-08 22:23:26]: Status code: 200
[2026-06-08 22:23:26]: Downloading: /platform/memories/memories/224202373
[2026-06-08 22:23:26]: Status code: 200
[2026-06-08 22:23:26]: Downloading: /platform/tree/persons/MY1H-DDB/sources
[2026-06-08 22:23:27]: Status code: 200
[2026-06-08 22:23:27]: Downloading: /platform/memories/memories/239854033
[2026-06-08 22:23:27]: Status code: 200
[2026-06-08 22:23:27]: Downloading: /platform/memories/memories/226697454
[2026-06-08 22:23:27]: Status code: 200
[2026-06-08 22:23:27]: Downloading: /platform/memories/memories/127375571
[2026-06-08 22:23:28]: Status code: 200
[2026-06-08 22:23:28]: Downloading: /platform/memories/memories/99700001
[2026-06-08 22:23:28]: Status code: 200
[2026-06-08 22:23:28]: Downloading: /platform/memories/memories/131096071
[2026-06-08 22:23:29]: Status code: 200
[2026-06-08 22:23:29]: Downloading: /platform/memories/memories/44574140
[2026-06-08 22:23:30]: Status code: 200
[2026-06-08 22:23:30]: Downloading: /platform/tree/persons/KDM4-CPH/sources
[2026-06-08 22:23:30]: Status code: 200
[2026-06-08 22:23:30]: Downloading: /platform/memories/memories/7847248
[2026-06-08 22:23:31]: Status code: 200
[2026-06-08 22:23:31]: Downloading: /platform/tree/persons/2Z3D-53L/sources
[2026-06-08 22:23:31]: Status code: 200
[2026-06-08 22:23:31]: Downloading: /platform/memories/memories/215855718
[2026-06-08 22:23:32]: Status code: 200
[2026-06-08 22:23:32]: Downloading: /platform/memories/memories/164960380
[2026-06-08 22:23:32]: Status code: 200
[2026-06-08 22:23:32]: Downloading: /platform/tree/persons/LCX6-8H6/sources
[2026-06-08 22:23:32]: Status code: 200
[2026-06-08 22:23:32]: Downloading: /platform/memories/memories/22908790
[2026-06-08 22:23:33]: Status code: 200
[2026-06-08 22:23:33]: Downloading: /platform/memories/memories/6123886
[2026-06-08 22:23:33]: Status code: 200
[2026-06-08 22:23:33]: Downloading: /platform/memories/memories/113935682
[2026-06-08 22:23:34]: Status code: 200
[2026-06-08 22:23:34]: Downloading: /platform/memories/memories/31331244
[2026-06-08 22:23:34]: Status code: 200
[2026-06-08 22:23:34]: Downloading: /platform/memories/memories/7847247
[2026-06-08 22:23:35]: Status code: 200
[2026-06-08 22:23:35]: Downloading: /platform/memories/memories/1712539
[2026-06-08 22:23:35]: Status code: 200
[2026-06-08 22:23:35]: Downloading: /platform/memories/memories/27614326
[2026-06-08 22:23:36]: Status code: 200
[2026-06-08 22:23:36]: Downloading: /platform/memories/memories/189070550
[2026-06-08 22:23:36]: Status code: 200
[2026-06-08 22:23:36]: Downloading: /platform/memories/memories/150187056
[2026-06-08 22:23:37]: Status code: 200
[2026-06-08 22:23:37]: Downloading: /platform/memories/memories/114241569
[2026-06-08 22:23:37]: Status code: 200
[2026-06-08 22:23:37]: Downloading: /platform/tree/persons/M1QQ-BRF/sources
[2026-06-08 22:23:38]: Status code: 200
[2026-06-08 22:23:38]: Downloading: /platform/memories/memories/115935724
[2026-06-08 22:23:38]: Status code: 200
[2026-06-08 22:23:38]: Downloading: /platform/memories/memories/66247450
[2026-06-08 22:23:39]: Status code: 200
[2026-06-08 22:23:39]: Downloading: /platform/memories/memories/114243076
[2026-06-08 22:23:39]: Status code: 200
[2026-06-08 22:23:39]: Downloading: /platform/memories/memories/9351756
[2026-06-08 22:23:40]: Status code: 200
[2026-06-08 22:23:40]: Downloading: /platform/memories/memories/88520121
[2026-06-08 22:23:40]: Status code: 200
[2026-06-08 22:23:40]: Downloading: /platform/memories/memories/200420194
[2026-06-08 22:23:41]: Status code: 200
[2026-06-08 22:23:41]: Downloading: /platform/memories/memories/98663491
[2026-06-08 22:23:41]: Status code: 200
[2026-06-08 22:23:41]: Downloading: /platform/tree/persons/MD16-W86/sources
[2026-06-08 22:23:42]: Status code: 200
[2026-06-08 22:23:42]: Downloading: /platform/memories/memories/163312412
[2026-06-08 22:23:42]: Status code: 200
[2026-06-08 22:23:42]: Downloading: /platform/memories/memories/125287380
[2026-06-08 22:23:43]: Status code: 200
[2026-06-08 22:23:43]: Downloading: /platform/memories/memories/113195363
[2026-06-08 22:23:44]: Status code: 200
[2026-06-08 22:23:44]: Downloading: /platform/memories/memories/192831575
[2026-06-08 22:23:44]: Status code: 200
[2026-06-08 22:23:44]: Downloading: /platform/memories/memories/101843539
[2026-06-08 22:23:44]: Status code: 200
[2026-06-08 22:23:44]: Downloading: /platform/memories/memories/9351742
[2026-06-08 22:23:45]: Status code: 200
[2026-06-08 22:23:45]: Downloading: /platform/memories/memories/109483044
[2026-06-08 22:23:45]: Status code: 200
[2026-06-08 22:23:45]: Downloading: /platform/tree/persons/LZ1R-6DW/sources
[2026-06-08 22:23:46]: Status code: 200
[2026-06-08 22:23:46]: Downloading: /platform/memories/memories/46850406
[2026-06-08 22:23:46]: Status code: 200
[2026-06-08 22:23:46]: Downloading: /platform/memories/memories/1712539
[2026-06-08 22:23:47]: Status code: 200
[2026-06-08 22:23:47]: Downloading: /platform/memories/memories/20561508
[2026-06-08 22:23:47]: Status code: 200
[2026-06-08 22:23:47]: Downloading: /platform/memories/memories/135452878
[2026-06-08 22:23:48]: Status code: 200
[2026-06-08 22:23:48]: Downloading: /platform/memories/memories/163312321
[2026-06-08 22:23:48]: Status code: 200
[2026-06-08 22:23:48]: Downloading: /platform/memories/memories/5507389
[2026-06-08 22:23:49]: Status code: 200
[2026-06-08 22:23:49]: Downloading: /platform/memories/memories/47338342
[2026-06-08 22:23:49]: Status code: 200
[2026-06-08 22:23:49]: Downloading: /platform/memories/memories/229254813
[2026-06-08 22:23:50]: Status code: 200
[2026-06-08 22:23:50]: Downloading: /platform/memories/memories/9351741
[2026-06-08 22:23:51]: Status code: 200
[2026-06-08 22:23:51]: Downloading: /platform/tree/persons/MTDS-KM6/sources
[2026-06-08 22:23:51]: Status code: 200
[2026-06-08 22:23:51]: Downloading: /platform/memories/memories/84573298
[2026-06-08 22:23:51]: Status code: 200
[2026-06-08 22:23:51]: Downloading: /platform/memories/memories/138469657
[2026-06-08 22:23:52]: Status code: 200
[2026-06-08 22:23:52]: Downloading: /platform/tree/persons/LTM9-B1V/sources
[2026-06-08 22:23:53]: Status code: 200
[2026-06-08 22:23:53]: Downloading: /platform/memories/memories/178715517
[2026-06-08 22:23:53]: Status code: 200
[2026-06-08 22:23:53]: Downloading: /platform/memories/memories/191904288
[2026-06-08 22:23:54]: Status code: 200
[2026-06-08 22:23:54]: Downloading: /platform/memories/memories/200691406
[2026-06-08 22:23:54]: Status code: 200
[2026-06-08 22:23:54]: Downloading: /platform/tree/persons/LRHD-68R/sources
[2026-06-08 22:23:54]: Status code: 200
[2026-06-08 22:23:54]: Downloading: /platform/tree/persons/MVZ7-D4D/sources
[2026-06-08 22:23:55]: Status code: 200
[2026-06-08 22:23:55]: Downloading: /platform/memories/memories/84278559
[2026-06-08 22:23:56]: Status code: 200
[2026-06-08 22:23:56]: Downloading: /platform/memories/memories/191904288
[2026-06-08 22:23:56]: Status code: 200
[2026-06-08 22:23:56]: Downloading: /platform/memories/memories/5497901
[2026-06-08 22:23:56]: Status code: 200
[2026-06-08 22:23:56]: Downloading: /platform/tree/persons/KL8C-KHT/sources
[2026-06-08 22:23:57]: Status code: 200
[2026-06-08 22:23:57]: Downloading: /platform/tree/persons/LRWK-F9Z/sources
[2026-06-08 22:23:57]: Status code: 403
[2026-06-08 22:23:57]: HTTPError
[2026-06-08 22:23:57]: WARNING: code 403 from /platform/memories/memories/191904288 Failure in upstream call: Unable to read artifact description. (upstream 403)
[2026-06-08 22:23:57]: Downloading: /platform/memories/memories/28058508
[2026-06-08 22:23:58]: Status code: 200
[2026-06-08 22:23:58]: Downloading: /platform/memories/memories/91249973
[2026-06-08 22:23:58]: Status code: 200
[2026-06-08 22:23:58]: Downloading: /platform/tree/persons/G2HW-HX9/sources
[2026-06-08 22:23:59]: Status code: 200
[2026-06-08 22:23:59]: Downloading: /platform/memories/memories/114260751
[2026-06-08 22:24:00]: Status code: 200
[2026-06-08 22:24:00]: Downloading: /platform/tree/persons/LCXB-WNR/sources
[2026-06-08 22:24:00]: Status code: 200
[2026-06-08 22:24:00]: Downloading: /platform/tree/persons/M5V3-V5C/sources
[2026-06-08 22:24:01]: Status code: 200
[2026-06-08 22:24:01]: Downloading: /platform/memories/memories/197073488
[2026-06-08 22:24:01]: Status code: 200
[2026-06-08 22:24:01]: Downloading: /platform/memories/memories/158974184
[2026-06-08 22:24:02]: Status code: 200
[2026-06-08 22:24:02]: Downloading: /platform/memories/memories/119765175
[2026-06-08 22:24:02]: Status code: 200
[2026-06-08 22:24:02]: Downloading: /platform/memories/memories/21549547
[2026-06-08 22:24:02]: Status code: 200
[2026-06-08 22:24:02]: Downloading: /platform/memories/memories/118522380
[2026-06-08 22:24:03]: Status code: 200
[2026-06-08 22:24:03]: Downloading: /platform/memories/memories/132311497
[2026-06-08 22:24:03]: Status code: 200
[2026-06-08 22:24:03]: Downloading: /platform/tree/persons/MSP9-G89/sources
[2026-06-08 22:24:04]: Status code: 200
[2026-06-08 22:24:04]: Downloading: /platform/memories/memories/44249092
[2026-06-08 22:24:05]: Status code: 200
[2026-06-08 22:24:05]: Downloading: /platform/tree/persons/L2DV-52N/sources
[2026-06-08 22:24:05]: Status code: 200
[2026-06-08 22:24:05]: Downloading: /platform/memories/memories/237177486
[2026-06-08 22:24:05]: Status code: 200
[2026-06-08 22:24:05]: Downloading: /platform/memories/memories/27899241
[2026-06-08 22:24:06]: Status code: 200
[2026-06-08 22:24:06]: Downloading: /platform/tree/persons/LZJF-PDQ/sources
[2026-06-08 22:24:06]: Status code: 200
[2026-06-08 22:24:06]: Downloading: /platform/tree/persons/LZGL-YVC/sources
[2026-06-08 22:24:07]: Status code: 200
[2026-06-08 22:24:07]: Downloading: /platform/memories/memories/58996617
[2026-06-08 22:24:07]: Status code: 200
[2026-06-08 22:24:07]: Downloading: /platform/tree/persons/LMWP-R9P/sources
[2026-06-08 22:24:08]: Status code: 200
[2026-06-08 22:24:08]: Downloading: /platform/memories/memories/100143862
[2026-06-08 22:24:09]: Status code: 200
[2026-06-08 22:24:09]: Downloading: /platform/memories/memories/11756761
[2026-06-08 22:24:09]: Status code: 200
[2026-06-08 22:24:09]: Downloading: /platform/memories/memories/21551680
[2026-06-08 22:24:09]: Status code: 200
[2026-06-08 22:24:09]: Downloading: /platform/memories/memories/132312583
[2026-06-08 22:24:10]: Status code: 200
[2026-06-08 22:24:10]: Downloading: /platform/tree/persons/LZPV-6RW/sources
[2026-06-08 22:24:10]: Status code: 200
[2026-06-08 22:24:10]: Downloading: /platform/tree/persons/KFTX-2FR/sources
[2026-06-08 22:24:11]: Status code: 200
[2026-06-08 22:24:11]: Downloading: /platform/memories/memories/4802061
[2026-06-08 22:24:12]: Status code: 200
[2026-06-08 22:24:12]: Downloading: /platform/memories/memories/129115480
[2026-06-08 22:24:12]: Status code: 403
[2026-06-08 22:24:12]: HTTPError
[2026-06-08 22:24:12]: WARNING: code 403 from /platform/memories/memories/191904288 Failure in upstream call: Unable to read artifact description. (upstream 403)
[2026-06-08 22:24:12]: Downloading: /platform/memories/memories/100143862
[2026-06-08 22:24:13]: Status code: 200
[2026-06-08 22:24:13]: Downloading: /platform/memories/memories/186474413
[2026-06-08 22:24:13]: Status code: 200
[2026-06-08 22:24:13]: Downloading: /platform/memories/memories/129162866
[2026-06-08 22:24:13]: Status code: 200
[2026-06-08 22:24:13]: Downloading: /platform/memories/memories/158764993
[2026-06-08 22:24:14]: Status code: 200
[2026-06-08 22:24:14]: Downloading: /platform/memories/memories/58996610
[2026-06-08 22:24:14]: Status code: 200
[2026-06-08 22:24:14]: Downloading: /platform/tree/persons/KLBH-6WF/sources
[2026-06-08 22:24:15]: Status code: 200
[2026-06-08 22:24:15]: Downloading: /platform/memories/memories/114259556
[2026-06-08 22:24:15]: Status code: 200
[2026-06-08 22:24:15]: Downloading: /platform/tree/persons/KNSK-WSB/sources
[2026-06-08 22:24:16]: Status code: 404
[2026-06-08 22:24:16]: WARNING: /platform/memories/memories/197073488
[2026-06-08 22:24:16]: Downloading: /platform/memories/memories/155897429
[2026-06-08 22:24:16]: Status code: 200
[2026-06-08 22:24:16]: Downloading: /platform/memories/memories/114243076
[2026-06-08 22:24:17]: Status code: 200
[2026-06-08 22:24:17]: Downloading: /platform/tree/persons/LCX1-NWN/sources
[2026-06-08 22:24:18]: Status code: 200
[2026-06-08 22:24:18]: Downloading: /platform/memories/memories/83665324
[2026-06-08 22:24:18]: Status code: 200
[2026-06-08 22:24:18]: Downloading: /platform/memories/memories/113195701
[2026-06-08 22:24:18]: Status code: 200
[2026-06-08 22:24:18]: Downloading: /platform/memories/memories/83665325
[2026-06-08 22:24:19]: Status code: 200
[2026-06-08 22:24:19]: Downloading: /platform/memories/memories/198720383
[2026-06-08 22:24:19]: Status code: 200
[2026-06-08 22:24:19]: Downloading: /platform/memories/memories/11756828
[2026-06-08 22:24:20]: Status code: 200
[2026-06-08 22:24:20]: Downloading: /platform/memories/memories/116338079
[2026-06-08 22:24:20]: Status code: 200
[2026-06-08 22:24:20]: Downloading: /platform/memories/memories/11756828
[2026-06-08 22:24:21]: Status code: 200
[2026-06-08 22:24:21]: Downloading: /platform/memories/memories/129115481
[2026-06-08 22:24:22]: Status code: 200
[2026-06-08 22:24:22]: Downloading: /platform/memories/memories/7792762
[2026-06-08 22:24:22]: Status code: 200
[2026-06-08 22:24:22]: Downloading: /platform/memories/memories/114242705
[2026-06-08 22:24:22]: Status code: 200
[2026-06-08 22:24:22]: Downloading: /platform/memories/memories/132312859
[2026-06-08 22:24:23]: Status code: 200
[2026-06-08 22:24:23]: Downloading: /platform/memories/memories/154419973
[2026-06-08 22:24:23]: Status code: 200
[2026-06-08 22:24:23]: Downloading: /platform/memories/memories/129115479
[2026-06-08 22:24:24]: Status code: 200
[2026-06-08 22:24:24]: Downloading: /platform/memories/memories/132312857
[2026-06-08 22:24:24]: Status code: 200
[2026-06-08 22:24:24]: Downloading: /platform/memories/memories/129115516
[2026-06-08 22:24:25]: Status code: 200
[2026-06-08 22:24:25]: Downloading: /platform/memories/memories/7792764
[2026-06-08 22:24:25]: Status code: 200
[2026-06-08 22:24:25]: Downloading: /platform/tree/persons/LR63-NTW/sources
[2026-06-08 22:24:26]: Status code: 200
[2026-06-08 22:24:26]: Downloading: /platform/memories/memories/132312860
[2026-06-08 22:24:26]: Status code: 200
[2026-06-08 22:24:26]: Downloading: /platform/memories/memories/83665329
[2026-06-08 22:24:27]: Status code: 200
[2026-06-08 22:24:27]: Downloading: /platform/memories/memories/113270369
[2026-06-08 22:24:28]: Status code: 200
[2026-06-08 22:24:28]: Downloading: /platform/memories/memories/175303593
[2026-06-08 22:24:28]: Status code: 200
[2026-06-08 22:24:28]: Downloading: /platform/memories/memories/83665333
[2026-06-08 22:24:29]: Status code: 200
[2026-06-08 22:24:29]: Downloading: /platform/memories/memories/113617778
[2026-06-08 22:24:29]: Status code: 200
[2026-06-08 22:24:29]: Downloading: /platform/memories/memories/28058508
[2026-06-08 22:24:29]: Status code: 200
[2026-06-08 22:24:29]: Downloading: /platform/memories/memories/29222768
[2026-06-08 22:24:30]: Status code: 200
[2026-06-08 22:24:30]: Downloading: /platform/memories/memories/117948890
[2026-06-08 22:24:30]: Status code: 200
[2026-06-08 22:24:30]: Downloading: /platform/memories/memories/129692662
[2026-06-08 22:24:31]: Status code: 200
[2026-06-08 22:24:31]: Downloading: /platform/memories/memories/130518218
[2026-06-08 22:24:31]: Status code: 200
[2026-06-08 22:24:31]: Downloading: /platform/memories/memories/61276997
[2026-06-08 22:24:32]: Status code: 200
[2026-06-08 22:24:32]: Downloading: /platform/tree/persons/PQJG-MWV/sources
[2026-06-08 22:24:32]: Status code: 200
[2026-06-08 22:24:32]: Downloading: /platform/memories/memories/4802061
[2026-06-08 22:24:33]: Status code: 200
[2026-06-08 22:24:33]: Downloading: /platform/memories/memories/227235936
[2026-06-08 22:24:33]: Status code: 200
[2026-06-08 22:24:33]: Downloading: /platform/memories/memories/7792751
[2026-06-08 22:24:34]: Status code: 200
[2026-06-08 22:24:34]: Downloading: /platform/memories/memories/75894875
[2026-06-08 22:24:34]: Status code: 200
[2026-06-08 22:24:34]: Downloading: /platform/memories/memories/113195363
[2026-06-08 22:24:35]: Status code: 200
[2026-06-08 22:24:35]: Downloading: /platform/memories/memories/116338158
[2026-06-08 22:24:35]: Status code: 200
[2026-06-08 22:24:35]: Downloading: /platform/memories/memories/19900839
[2026-06-08 22:24:36]: Status code: 200
[2026-06-08 22:24:36]: Downloading: /platform/memories/memories/83665332
[2026-06-08 22:24:36]: Status code: 200
[2026-06-08 22:24:36]: Downloading: /platform/memories/memories/61276570
[2026-06-08 22:24:37]: Status code: 200
[2026-06-08 22:24:37]: Downloading: /platform/memories/memories/162381636
[2026-06-08 22:24:37]: Status code: 200
[2026-06-08 22:24:37]: Downloading: /platform/memories/memories/132311497
[2026-06-08 22:24:38]: Status code: 200
[2026-06-08 22:24:38]: Downloading: /platform/tree/persons/L1QV-35D/sources
[2026-06-08 22:24:39]: Status code: 200
[2026-06-08 22:24:39]: Downloading: /platform/memories/memories/196437588
[2026-06-08 22:24:39]: Status code: 200
[2026-06-08 22:24:39]: Downloading: /platform/memories/memories/132312583
[2026-06-08 22:24:39]: Status code: 200
[2026-06-08 22:24:39]: Downloading: /platform/memories/memories/132312857
[2026-06-08 22:24:40]: Status code: 200
[2026-06-08 22:24:40]: Downloading: /platform/memories/memories/58996616
[2026-06-08 22:24:40]: Status code: 200
[2026-06-08 22:24:40]: Downloading: /platform/memories/memories/4224929
[2026-06-08 22:24:41]: Status code: 200
[2026-06-08 22:24:41]: Downloading: /platform/memories/memories/129692608
[2026-06-08 22:24:41]: Status code: 200
[2026-06-08 22:24:41]: Downloading: /platform/memories/memories/62105815
[2026-06-08 22:24:42]: Status code: 200
[2026-06-08 22:24:42]: Downloading: /platform/memories/memories/181853100
[2026-06-08 22:24:42]: Status code: 200
[2026-06-08 22:24:42]: Downloading: /platform/memories/memories/28058471
[2026-06-08 22:24:43]: Status code: 200
[2026-06-08 22:24:43]: Downloading: /platform/memories/memories/58996613
[2026-06-08 22:24:43]: Status code: 200
[2026-06-08 22:24:43]: Downloading: /platform/memories/memories/7644948
[2026-06-08 22:24:44]: Status code: 200
[2026-06-08 22:24:44]: Downloading: /platform/memories/memories/15190487
[2026-06-08 22:24:44]: Status code: 200
[2026-06-08 22:24:44]: Downloading: /platform/tree/persons/MP6S-H6M/sources
[2026-06-08 22:24:45]: Status code: 200
[2026-06-08 22:24:45]: Downloading: /platform/memories/memories/26659807
[2026-06-08 22:24:45]: Status code: 200
[2026-06-08 22:24:45]: Downloading: /platform/tree/persons/LRQ2-2SQ/sources
[2026-06-08 22:24:46]: Status code: 200
[2026-06-08 22:24:46]: Downloading: /platform/memories/memories/4224929
[2026-06-08 22:24:46]: Status code: 200
[2026-06-08 22:24:46]: Downloading: /platform/tree/persons/9WFP-V5C/sources
[2026-06-08 22:24:47]: Status code: 200
[2026-06-08 22:24:47]: Downloading: /platform/memories/memories/202257188
[2026-06-08 22:24:47]: Status code: 200
[2026-06-08 22:24:47]: Downloading: /platform/memories/memories/8422714
[2026-06-08 22:24:48]: Status code: 200
[2026-06-08 22:24:48]: Downloading: /platform/tree/persons/K2PW-CXQ/sources
[2026-06-08 22:24:48]: Status code: 200
[2026-06-08 22:24:48]: Downloading: /platform/memories/memories/132312859
[2026-06-08 22:24:49]: Status code: 200
[2026-06-08 22:24:49]: Downloading: /platform/memories/memories/112532354
[2026-06-08 22:24:49]: Status code: 200
[2026-06-08 22:24:49]: Downloading: /platform/memories/memories/29350466
[2026-06-08 22:24:51]: Status code: 200
[2026-06-08 22:24:51]: Status code: 200
[2026-06-08 22:24:51]: Downloading: /platform/memories/memories/113181118
[2026-06-08 22:24:51]: Downloading: /platform/memories/memories/170253234
[2026-06-08 22:24:51]: Status code: 200
[2026-06-08 22:24:51]: Downloading: /platform/memories/memories/7644916
[2026-06-08 22:24:51]: Status code: 200
[2026-06-08 22:24:51]: Downloading: /platform/memories/memories/182375030
[2026-06-08 22:24:52]: Status code: 200
[2026-06-08 22:24:52]: Downloading: /platform/memories/memories/202325675
[2026-06-08 22:24:52]: Status code: 200
[2026-06-08 22:24:52]: Downloading: /platform/memories/memories/132312857
[2026-06-08 22:24:53]: Status code: 200
[2026-06-08 22:24:53]: Downloading: /platform/memories/memories/229239083
[2026-06-08 22:24:53]: Status code: 200
[2026-06-08 22:24:53]: Downloading: /platform/memories/memories/58996614
[2026-06-08 22:24:54]: Status code: 200
[2026-06-08 22:24:54]: Downloading: /platform/memories/memories/10129165
[2026-06-08 22:24:54]: Status code: 200
[2026-06-08 22:24:54]: Downloading: /platform/memories/memories/7644927
[2026-06-08 22:24:55]: Status code: 200
[2026-06-08 22:24:55]: Downloading: /platform/memories/memories/189288056
[2026-06-08 22:24:55]: Status code: 200
[2026-06-08 22:24:55]: Downloading: /platform/memories/memories/58996612
[2026-06-08 22:24:56]: Status code: 200
[2026-06-08 22:24:56]: Downloading: /platform/tree/persons/LQ5D-1CR/sources
[2026-06-08 22:24:56]: Status code: 200
[2026-06-08 22:24:56]: Downloading: /platform/memories/memories/7644934
[2026-06-08 22:24:57]: Status code: 200
[2026-06-08 22:24:57]: Downloading: /platform/memories/memories/129083862
[2026-06-08 22:24:58]: Status code: 200
[2026-06-08 22:24:58]: Downloading: /platform/memories/memories/160184446
[2026-06-08 22:24:58]: Status code: 200
[2026-06-08 22:24:58]: Downloading: /platform/memories/memories/46465071
[2026-06-08 22:24:59]: Status code: 200
[2026-06-08 22:24:59]: Downloading: /platform/memories/memories/179221854
[2026-06-08 22:24:59]: Status code: 200
[2026-06-08 22:24:59]: Downloading: /platform/memories/memories/158764993
[2026-06-08 22:24:59]: Status code: 200
[2026-06-08 22:24:59]: Downloading: /platform/memories/memories/75893872
[2026-06-08 22:25:00]: Status code: 200
[2026-06-08 22:25:00]: Downloading: /platform/memories/memories/61276996
[2026-06-08 22:25:00]: Status code: 200
[2026-06-08 22:25:00]: Downloading: /platform/memories/memories/240900575
[2026-06-08 22:25:01]: Status code: 200
[2026-06-08 22:25:01]: Downloading: /platform/memories/memories/115907734
[2026-06-08 22:25:01]: Status code: 200
[2026-06-08 22:25:01]: Downloading: /platform/memories/memories/58996615
[2026-06-08 22:25:02]: Status code: 200
[2026-06-08 22:25:02]: Downloading: /platform/tree/persons/LY9F-XT8/sources
[2026-06-08 22:25:02]: Status code: 200
[2026-06-08 22:25:02]: Downloading: /platform/memories/memories/96897790
[2026-06-08 22:25:03]: Status code: 200
[2026-06-08 22:25:03]: Downloading: /platform/memories/memories/199188486
[2026-06-08 22:25:04]: Status code: 200
[2026-06-08 22:25:04]: Downloading: /platform/memories/memories/117370299
[2026-06-08 22:25:04]: Status code: 200
[2026-06-08 22:25:04]: Downloading: /platform/memories/memories/75886052
[2026-06-08 22:25:04]: Status code: 200
[2026-06-08 22:25:04]: Downloading: /platform/memories/memories/196435706
[2026-06-08 22:25:05]: Status code: 200
[2026-06-08 22:25:05]: Downloading: /platform/memories/memories/205524385
[2026-06-08 22:25:05]: Status code: 200
[2026-06-08 22:25:05]: Downloading: /platform/memories/memories/132312583
[2026-06-08 22:25:06]: Status code: 200
[2026-06-08 22:25:06]: Downloading: /platform/memories/memories/115907893
[2026-06-08 22:25:06]: Status code: 200
[2026-06-08 22:25:06]: Downloading: /platform/memories/memories/44870360
[2026-06-08 22:25:07]: Status code: 200
[2026-06-08 22:25:07]: Downloading: /platform/memories/memories/132312859
[2026-06-08 22:25:07]: Status code: 200
[2026-06-08 22:25:07]: Downloading: /platform/memories/memories/136474749
[2026-06-08 22:25:08]: Status code: 200
[2026-06-08 22:25:08]: Downloading: /platform/memories/memories/133213630
[2026-06-08 22:25:09]: Status code: 200
[2026-06-08 22:25:09]: Downloading: /platform/memories/memories/133213630
[2026-06-08 22:25:09]: Status code: 200
[2026-06-08 22:25:09]: Downloading: /platform/memories/memories/56181646
[2026-06-08 22:25:09]: Status code: 200
[2026-06-08 22:25:09]: Downloading: /platform/memories/memories/191580073
[2026-06-08 22:25:10]: Status code: 200
[2026-06-08 22:25:10]: Downloading: /platform/memories/memories/114241209
[2026-06-08 22:25:10]: Status code: 200
[2026-06-08 22:25:10]: Downloading: /platform/memories/memories/58996611
[2026-06-08 22:25:11]: Status code: 200
[2026-06-08 22:25:11]: Downloading: /platform/tree/persons/LY7W-W2G/sources
[2026-06-08 22:25:11]: Status code: 200
[2026-06-08 22:25:11]: Downloading: /platform/memories/memories/155836969
[2026-06-08 22:25:12]: Status code: 200
[2026-06-08 22:25:12]: Downloading: /platform/memories/memories/205523190
[2026-06-08 22:25:13]: Status code: 200
[2026-06-08 22:25:13]: Downloading: /platform/memories/memories/153858292
[2026-06-08 22:25:13]: Status code: 200
[2026-06-08 22:25:13]: Downloading: /platform/tree/persons/LZZM-174/sources
[2026-06-08 22:25:14]: Status code: 200
[2026-06-08 22:25:14]: Downloading: /platform/memories/memories/196435702
[2026-06-08 22:25:14]: Status code: 200
[2026-06-08 22:25:14]: Downloading: /platform/memories/memories/155837336
[2026-06-08 22:25:15]: Status code: 200
[2026-06-08 22:25:15]: Downloading: /platform/memories/memories/196435128
[2026-06-08 22:25:15]: Status code: 200
[2026-06-08 22:25:15]: Downloading: /platform/memories/memories/196434198
[2026-06-08 22:25:15]: Status code: 200
[2026-06-08 22:25:15]: Downloading: /platform/memories/memories/196434179
[2026-06-08 22:25:16]: Status code: 200
[2026-06-08 22:25:16]: Downloading: /platform/memories/memories/200420194
[2026-06-08 22:25:17]: Status code: 200
[2026-06-08 22:25:17]: Downloading: /platform/memories/memories/199188486
[2026-06-08 22:25:17]: Status code: 200
[2026-06-08 22:25:17]: Downloading: /platform/memories/memories/58996620
[2026-06-08 22:25:17]: Status code: 200
[2026-06-08 22:25:17]: Downloading: /platform/memories/memories/155843542
[2026-06-08 22:25:18]: Status code: 200
[2026-06-08 22:25:18]: Downloading: /platform/memories/memories/129083862
[2026-06-08 22:25:18]: Status code: 200
[2026-06-08 22:25:18]: Downloading: /platform/memories/memories/191579818
[2026-06-08 22:25:19]: Status code: 200
[2026-06-08 22:25:19]: Downloading: /platform/memories/memories/90212865
[2026-06-08 22:25:19]: Status code: 200
[2026-06-08 22:25:19]: Downloading: /platform/memories/memories/200527345
[2026-06-08 22:25:20]: Status code: 200
[2026-06-08 22:25:20]: Downloading: /platform/memories/memories/55421240
[2026-06-08 22:25:20]: Status code: 200
[2026-06-08 22:25:20]: Downloading: /platform/memories/memories/200519123
[2026-06-08 22:25:21]: Status code: 200
[2026-06-08 22:25:21]: Downloading: /platform/memories/memories/69087280
[2026-06-08 22:25:21]: Status code: 200
[2026-06-08 22:25:21]: Downloading: /platform/memories/memories/86544096
[2026-06-08 22:25:22]: Status code: 200
[2026-06-08 22:25:22]: Downloading: /platform/memories/memories/5529894
[2026-06-08 22:25:22]: Status code: 200
[2026-06-08 22:25:22]: Downloading: /platform/memories/memories/5497901
[2026-06-08 22:25:23]: Status code: 200
[2026-06-08 22:25:23]: Downloading: /platform/memories/memories/32845605
[2026-06-08 22:25:24]: Status code: 200
[2026-06-08 22:25:24]: Downloading: /platform/tree/persons/KLCC-F8W/sources
[2026-06-08 22:25:25]: Status code: 200
[2026-06-08 22:25:25]: Downloading: /platform/memories/memories/101266567
[2026-06-08 22:25:25]: Status code: 200
[2026-06-08 22:25:25]: Downloading: /platform/memories/memories/90209954
[2026-06-08 22:25:25]: Status code: 200
[2026-06-08 22:25:25]: Downloading: /platform/memories/memories/47338342
[2026-06-08 22:25:26]: Status code: 200
[2026-06-08 22:25:26]: Downloading: /platform/tree/persons/LHVM-JQY/sources
[2026-06-08 22:25:26]: Status code: 200
[2026-06-08 22:25:26]: Downloading: /platform/memories/memories/24642184
[2026-06-08 22:25:26]: Status code: 200
[2026-06-08 22:25:26]: Downloading: /platform/memories/memories/155844830
[2026-06-08 22:25:27]: Status code: 200
[2026-06-08 22:25:27]: Downloading: /platform/memories/memories/1674069
[2026-06-08 22:25:28]: Status code: 200
[2026-06-08 22:25:28]: Downloading: /platform/tree/persons/KPH3-J5Z/sources
[2026-06-08 22:25:28]: Status code: 200
[2026-06-08 22:25:28]: Downloading: /platform/memories/memories/7755131
[2026-06-08 22:25:28]: Status code: 200
[2026-06-08 22:25:28]: Downloading: /platform/memories/memories/155843542
[2026-06-08 22:25:29]: Status code: 200
[2026-06-08 22:25:29]: Downloading: /platform/memories/memories/29350466
[2026-06-08 22:25:29]: Status code: 200
[2026-06-08 22:25:29]: Downloading: /platform/memories/memories/27455064
[2026-06-08 22:25:30]: Status code: 200
[2026-06-08 22:25:30]: Downloading: /platform/memories/memories/36933159
[2026-06-08 22:25:31]: Status code: 200
[2026-06-08 22:25:31]: Downloading: /platform/memories/memories/117369560
[2026-06-08 22:25:31]: Status code: 200
[2026-06-08 22:25:31]: Downloading: /platform/memories/memories/155836969
[2026-06-08 22:25:31]: Status code: 200
[2026-06-08 22:25:31]: Downloading: /platform/tree/persons/LZGY-2VH/sources
[2026-06-08 22:25:32]: Status code: 200
[2026-06-08 22:25:32]: Downloading: /platform/memories/memories/155837336
[2026-06-08 22:25:32]: Status code: 200
[2026-06-08 22:25:32]: Downloading: /platform/memories/memories/155837944
[2026-06-08 22:25:33]: Status code: 200
[2026-06-08 22:25:33]: Downloading: /platform/memories/memories/8422714
[2026-06-08 22:25:34]: Status code: 200
[2026-06-08 22:25:34]: Downloading: /platform/memories/memories/109481431
[2026-06-08 22:25:34]: Status code: 200
[2026-06-08 22:25:34]: Downloading: /platform/memories/memories/144039854
[2026-06-08 22:25:35]: Status code: 200
[2026-06-08 22:25:35]: Downloading: /platform/memories/memories/109695644
[2026-06-08 22:25:35]: Status code: 200
[2026-06-08 22:25:35]: Downloading: /platform/memories/memories/3633552
[2026-06-08 22:25:36]: Status code: 200
[2026-06-08 22:25:36]: Downloading: /platform/tree/persons/LZPJ-N7X/sources
[2026-06-08 22:25:36]: Status code: 200
[2026-06-08 22:25:36]: Downloading: /platform/memories/memories/3633930
[2026-06-08 22:25:37]: Status code: 200
[2026-06-08 22:25:37]: Downloading: /platform/memories/memories/239018003
[2026-06-08 22:25:37]: Status code: 200
[2026-06-08 22:25:37]: Downloading: /platform/memories/memories/223576000
[2026-06-08 22:25:37]: Status code: 200
[2026-06-08 22:25:37]: Downloading: /platform/tree/persons/MD16-WZG/sources
[2026-06-08 22:25:38]: Status code: 200
[2026-06-08 22:25:38]: Downloading: /platform/memories/memories/69543869
[2026-06-08 22:25:39]: Status code: 200
[2026-06-08 22:25:39]: Downloading: /platform/memories/memories/115315648
[2026-06-08 22:25:39]: Status code: 200
[2026-06-08 22:25:39]: Downloading: /platform/memories/memories/109483044
[2026-06-08 22:25:39]: Status code: 200
[2026-06-08 22:25:39]: Downloading: /platform/memories/memories/98027932
[2026-06-08 22:25:40]: Status code: 200
[2026-06-08 22:25:40]: Downloading: /platform/memories/memories/19356739
[2026-06-08 22:25:41]: Status code: 200
[2026-06-08 22:25:41]: Downloading: /platform/tree/persons/LX7Z-RM5/sources
[2026-06-08 22:25:41]: Status code: 200
[2026-06-08 22:25:41]: Downloading: /platform/memories/memories/181619155
[2026-06-08 22:25:41]: Status code: 200
[2026-06-08 22:25:41]: Downloading: /platform/memories/memories/181618408
[2026-06-08 22:25:42]: Status code: 200
[2026-06-08 22:25:42]: Downloading: /platform/memories/memories/3633956
[2026-06-08 22:25:43]: Status code: 200
[2026-06-08 22:25:43]: Downloading: /platform/tree/persons/LYPQ-193/sources
[2026-06-08 22:25:43]: Status code: 200
[2026-06-08 22:25:43]: Downloading: /platform/memories/memories/87583766
[2026-06-08 22:25:43]: Status code: 200
[2026-06-08 22:25:43]: Downloading: /platform/memories/memories/129083862
[2026-06-08 22:25:44]: Status code: 200
[2026-06-08 22:25:44]: Downloading: /platform/memories/memories/22713391
[2026-06-08 22:25:44]: Status code: 200
[2026-06-08 22:25:44]: Downloading: /platform/memories/memories/24060520
[2026-06-08 22:25:45]: Status code: 200
[2026-06-08 22:25:45]: Status code: 200
[2026-06-08 22:25:46]: Status code: 200
[2026-06-08 22:25:46]: Downloading: /platform/memories/memories/90209927
[2026-06-08 22:25:46]: Status code: 200
[2026-06-08 22:25:46]: Downloading: /platform/memories/memories/45543519
[2026-06-08 22:25:47]: Status code: 200
[2026-06-08 22:25:47]: Downloading: /platform/memories/memories/9351756
[2026-06-08 22:25:48]: Status code: 200
[2026-06-08 22:25:48]: Downloading: /platform/memories/memories/241926496
[2026-06-08 22:25:48]: Status code: 200
[2026-06-08 22:25:48]: Downloading: /platform/memories/memories/19646515
[2026-06-08 22:25:48]: Status code: 200
[2026-06-08 22:25:49]: Status code: 200
[2026-06-08 22:25:49]: Downloading: /platform/memories/memories/196433983
[2026-06-08 22:25:49]: Status code: 200
[2026-06-08 22:25:49]: Downloading: /platform/memories/memories/19622692
[2026-06-08 22:25:50]: Status code: 200
[2026-06-08 22:25:50]: Downloading: /platform/memories/memories/20903907
[2026-06-08 22:25:50]: Status code: 200
[2026-06-08 22:25:50]: Downloading: /platform/memories/memories/34341784
[2026-06-08 22:25:51]: Status code: 200
[2026-06-08 22:25:51]: Downloading: /platform/memories/memories/29332866
[2026-06-08 22:25:51]: Status code: 200
[2026-06-08 22:25:52]: Status code: 200
[2026-06-08 22:25:52]: Downloading: /platform/memories/memories/20903090
[2026-06-08 22:25:53]: Status code: 200
[2026-06-08 22:25:53]: Downloading: /platform/memories/memories/19583359
[2026-06-08 22:25:53]: Status code: 200
[2026-06-08 22:25:53]: Downloading: /platform/memories/memories/241071221
[2026-06-08 22:25:54]: Status code: 200
[2026-06-08 22:25:54]: Downloading: /platform/memories/memories/129255720
[2026-06-08 22:25:54]: Status code: 200
[2026-06-08 22:25:54]: Downloading: /platform/memories/memories/16035664
[2026-06-08 22:25:55]: Status code: 200
[2026-06-08 22:25:55]: Downloading: /platform/memories/memories/16175327
[2026-06-08 22:25:55]: Status code: 200
[2026-06-08 22:25:55]: Downloading: /platform/memories/memories/7799245
[2026-06-08 22:25:56]: Status code: 200
[2026-06-08 22:25:56]: Downloading: /platform/memories/memories/20904612
[2026-06-08 22:25:56]: Status code: 200
[2026-06-08 22:25:56]: Downloading: /platform/memories/memories/137742058
[2026-06-08 22:25:57]: Status code: 200
[2026-06-08 22:25:57]: Downloading: /platform/memories/memories/11249569
[2026-06-08 22:25:57]: Status code: 200
[2026-06-08 22:25:57]: Downloading: /platform/memories/memories/9362028
[2026-06-08 22:25:58]: Status code: 200
[2026-06-08 22:25:58]: Downloading: /platform/memories/memories/100143862
[2026-06-08 22:25:58]: Status code: 200
[2026-06-08 22:25:58]: Downloading: /platform/memories/memories/19561784
[2026-06-08 22:25:59]: Status code: 200
[2026-06-08 22:25:59]: Downloading: /platform/memories/memories/16175328
[2026-06-08 22:25:59]: Status code: 200
[2026-06-08 22:25:59]: Downloading: /platform/memories/memories/158971161
[2026-06-08 22:26:00]: Status code: 200
[2026-06-08 22:26:00]: Downloading: /platform/memories/memories/8422714
[2026-06-08 22:26:00]: Status code: 200
[2026-06-08 22:26:00]: Downloading: /platform/memories/memories/8671963
[2026-06-08 22:26:01]: Status code: 200
[2026-06-08 22:26:01]: Downloading: /platform/memories/memories/17160893
[2026-06-08 22:26:01]: Status code: 200
[2026-06-08 22:26:01]: Downloading: /platform/memories/memories/17160892
[2026-06-08 22:26:02]: Status code: 200
[2026-06-08 22:26:02]: Status code: 200
[2026-06-08 22:26:02]: Downloading: /platform/memories/memories/241070786
[2026-06-08 22:26:03]: Status code: 200
[2026-06-08 22:26:03]: Downloading: /platform/memories/memories/116077494
[2026-06-08 22:26:03]: Status code: 200
[2026-06-08 22:26:03]: Downloading: /platform/memories/memories/173636242
[2026-06-08 22:26:04]: Status code: 200
[2026-06-08 22:26:04]: Downloading: /platform/memories/memories/241062096
[2026-06-08 22:26:04]: Status code: 200
[2026-06-08 22:26:04]: Downloading: /platform/memories/memories/28446816
[2026-06-08 22:26:05]: Status code: 200
[2026-06-08 22:26:05]: Status code: 200
[2026-06-08 22:26:05]: Downloading: /platform/memories/memories/135843717
[2026-06-08 22:26:06]: Status code: 200
[2026-06-08 22:26:06]: Downloading: /platform/memories/memories/5645012
[2026-06-08 22:26:06]: Status code: 200
[2026-06-08 22:26:06]: Downloading: /platform/memories/memories/7799225
[2026-06-08 22:26:07]: Status code: 200
[2026-06-08 22:26:07]: Downloading: /platform/memories/memories/16035663
[2026-06-08 22:26:07]: Status code: 200
[2026-06-08 22:26:07]: Downloading: /platform/memories/memories/7799214
[2026-06-08 22:26:08]: Status code: 200
[2026-06-08 22:26:08]: Downloading: /platform/memories/memories/241062038
[2026-06-08 22:26:08]: Status code: 200
[2026-06-08 22:26:08]: Downloading: /platform/memories/memories/57284387
[2026-06-08 22:26:09]: Status code: 200
[2026-06-08 22:26:09]: Downloading: /platform/memories/memories/19477313
[2026-06-08 22:26:09]: Status code: 200
[2026-06-08 22:26:09]: Downloading: /platform/memories/memories/43360905
[2026-06-08 22:26:10]: Status code: 200
[2026-06-08 22:26:10]: Downloading: /platform/memories/memories/19438699
[2026-06-08 22:26:10]: Status code: 200
[2026-06-08 22:26:10]: Downloading: /platform/memories/memories/19435890
[2026-06-08 22:26:11]: Status code: 200
[2026-06-08 22:26:11]: Downloading: /platform/memories/memories/37794906
[2026-06-08 22:26:11]: Status code: 200
[2026-06-08 22:26:11]: Downloading: /platform/memories/memories/37794854
[2026-06-08 22:26:12]: Status code: 200
[2026-06-08 22:26:12]: Downloading: /platform/memories/memories/17160892
[2026-06-08 22:26:12]: Status code: 200
[2026-06-08 22:26:12]: Downloading: /platform/memories/memories/30147561
[2026-06-08 22:26:13]: Status code: 200
[2026-06-08 22:26:13]: Downloading: /platform/memories/memories/183145018
[2026-06-08 22:26:13]: Status code: 200
[2026-06-08 22:26:13]: Downloading: /platform/memories/memories/17160893
[2026-06-08 22:26:14]: Status code: 200
[2026-06-08 22:26:14]: Downloading: /platform/memories/memories/182375030
[2026-06-08 22:26:14]: Status code: 200
[2026-06-08 22:26:15]: Status code: 200
[2026-06-08 22:26:15]: Downloading: /platform/memories/memories/241061928
[2026-06-08 22:26:15]: Status code: 200
[2026-06-08 22:26:15]: Downloading: /platform/memories/memories/220717404
[2026-06-08 22:26:16]: Status code: 200
[2026-06-08 22:26:16]: Status code: 200
[2026-06-08 22:26:17]: Status code: 200
[2026-06-08 22:26:17]: Downloading: /platform/memories/memories/241061846
[2026-06-08 22:26:17]: Status code: 200
[2026-06-08 22:26:17]: Downloading: /platform/memories/memories/37212118
[2026-06-08 22:26:18]: Status code: 200
[2026-06-08 22:26:18]: Downloading: /platform/memories/memories/134949810
[2026-06-08 22:26:18]: Status code: 200
[2026-06-08 22:26:18]: Downloading: /platform/memories/memories/187518412
[2026-06-08 22:26:19]: Status code: 200
[2026-06-08 22:26:19]: Downloading: /platform/memories/memories/27398026
[2026-06-08 22:26:19]: Status code: 200
[2026-06-08 22:26:20]: Status code: 200
[2026-06-08 22:26:20]: Downloading: /platform/memories/memories/114439687
[2026-06-08 22:26:20]: Status code: 200
[2026-06-08 22:26:20]: Downloading: /platform/memories/memories/241061600
[2026-06-08 22:26:21]: Status code: 200
[2026-06-08 22:26:21]: Downloading: /platform/memories/memories/235963043
[2026-06-08 22:26:21]: Status code: 200
[2026-06-08 22:26:21]: Downloading: /platform/memories/memories/224327664
[2026-06-08 22:26:22]: Status code: 200
[2026-06-08 22:26:22]: Downloading: /platform/memories/memories/224327649
[2026-06-08 22:26:22]: Status code: 200
[2026-06-08 22:26:22]: Downloading: /platform/memories/memories/224327619
[2026-06-08 22:26:23]: Status code: 200
[2026-06-08 22:26:23]: Downloading: /platform/memories/memories/114439624
[2026-06-08 22:26:23]: Status code: 200
[2026-06-08 22:26:24]: Status code: 200
[2026-06-08 22:26:24]: Downloading: /platform/memories/memories/216953376
[2026-06-08 22:26:24]: Status code: 200
[2026-06-08 22:26:24]: Downloading: /platform/memories/memories/70322798
[2026-06-08 22:26:25]: Status code: 200
[2026-06-08 22:26:25]: Status code: 200
[2026-06-08 22:26:25]: Downloading: /platform/memories/memories/181979212
[2026-06-08 22:26:26]: Status code: 200
[2026-06-08 22:26:26]: Downloading: /platform/memories/memories/114439625
[2026-06-08 22:26:26]: Status code: 200
[2026-06-08 22:26:26]: Downloading: /platform/memories/memories/114439491
[2026-06-08 22:26:27]: Status code: 200
[2026-06-08 22:26:27]: Downloading: /platform/memories/memories/114439312
[2026-06-08 22:26:27]: Status code: 200
[2026-06-08 22:26:27]: Downloading: /platform/memories/memories/114420379
[2026-06-08 22:26:28]: Status code: 200
[2026-06-08 22:26:28]: Downloading: /platform/memories/memories/114420023
[2026-06-08 22:26:28]: Status code: 200
[2026-06-08 22:26:28]: Downloading: /platform/memories/memories/114418315
[2026-06-08 22:26:29]: Status code: 200
[2026-06-08 22:26:29]: Downloading: /platform/memories/memories/114418174
[2026-06-08 22:26:29]: Status code: 200
[2026-06-08 22:26:29]: Downloading: /platform/memories/memories/181978933
[2026-06-08 22:26:30]: Status code: 200
[2026-06-08 22:26:30]: Downloading: /platform/memories/memories/112532354
[2026-06-08 22:26:30]: Status code: 200
[2026-06-08 22:26:30]: Downloading: /platform/memories/memories/181978818
[2026-06-08 22:26:31]: Status code: 200
[2026-06-08 22:26:31]: Downloading: /platform/memories/memories/114417515
[2026-06-08 22:26:31]: Status code: 200
[2026-06-08 22:26:31]: Downloading: /platform/memories/memories/35215593
[2026-06-08 22:26:32]: Status code: 200
[2026-06-08 22:26:32]: Downloading: /platform/memories/memories/96662010
[2026-06-08 22:26:32]: Status code: 200
[2026-06-08 22:26:32]: Downloading: /platform/memories/memories/69893525
[2026-06-08 22:26:33]: Status code: 200
[2026-06-08 22:26:33]: Downloading: /platform/memories/memories/27926516
[2026-06-08 22:26:33]: Status code: 200
[2026-06-08 22:26:34]: Status code: 200
[2026-06-08 22:26:34]: Downloading: /platform/memories/memories/235316651
[2026-06-08 22:26:34]: Status code: 200
[2026-06-08 22:26:34]: Downloading: /platform/memories/memories/157557510
[2026-06-08 22:26:35]: Status code: 200
[2026-06-08 22:26:35]: Downloading: /platform/memories/memories/157557510
[2026-06-08 22:26:35]: Status code: 200
[2026-06-08 22:26:35]: Downloading: /platform/memories/memories/125328333
[2026-06-08 22:26:36]: Status code: 200
[2026-06-08 22:26:36]: Downloading: /platform/memories/memories/117531595
[2026-06-08 22:26:36]: Status code: 200
[2026-06-08 22:26:36]: Downloading: /platform/memories/memories/69955960
[2026-06-08 22:26:37]: Status code: 200
[2026-06-08 22:26:37]: Downloading: /platform/memories/memories/37427271
[2026-06-08 22:26:37]: Status code: 200
[2026-06-08 22:26:37]: Downloading: /platform/tree/persons?pids=P7Z9-BB2,LDBK-GW7,LTT6-594,MVGR-V6C,K8PH-RCV,LHNB-M5Z,L8WG-ZWV,L8VR-BCK,LZSS-RBM,GX7G-TWG,LR36-4RJ,GHJ6-9PY,LCC8-Q71,LB7H-SK9,9SN8-TC6,94DK-Y3B,MF1N-H6H,KGV2-1VJ,LVP9-HZX,M8V1-4KM,M8C3-SKB,2Z8S-ZG5,LVPT-PWH,MKZ5-48P,MPK1-ZTM,LZ2H-BWG,LZ8C-QVG,LDK9-MZG,L8BY-VMV,P6WQ-584,LZJB-S3D,MZCP-5W1,KC8L-77R,LXMC-G2Q,GYT4-NQN,GGR4-ZG4,KNQJ-91G,LYJ8-C4W,LZ2S-49Q,LLWP-F3X,M2CD-41T,GHQ1-4T8,LC57-QHX,LBHM-ZND,LKTY-VYC,LZPF-HBZ,LCX6-8FH,MYH6-H9R,KF2Y-861,9CF5-PDP,932G-RNW,9JFG-W7C,GFQ1-HL3,KCLW-K52,LZ6P-HV6,K295-ZQ2,LZJQ-N85,941G-VHW,MMRG-23W,LD27-QF9,GHZN-HBZ,LZ4K-5SQ,9VCY-7G4,LZ4G-8WM,LJPJ-VXP,KZDX-6TT,GHZ9-J1W,L8BY-JYG,L8HV-G8W,LDJL-DSG,LZ29-NNL,LYR6-51R,LHH3-YXT,LZVS-FG9,L5JG-W6B,GK42-315,GSHY-R2X,LVFB-Q8D,LYJ8-4B6,L4TH-4BM,LZ6Z-M34,LH2N-QWF,LH51-SX9,2WF4-247,LYCV-ZNQ,LCTG-BQK,MMR3-5TM,G4JF-F8P,LZL7-5NT,GM6R-9TY,LYSS-LKS,9J9L-88G,LK1X-2HF,L835-C6V,KNDC-176,MRNW-9RB,PH8G-HFG,MJ8L-4ZL,KFGY-4C7,LZ4G-87D,GP9H-674,L5YG-7VD,LCRJ-71W,GYTW-TB6,GMPC-TSW,G35Q-P4L,P49Y-G1H,GK1B-WPH,LYBG-52P,MY9W-4NF,KCK5-Z19,LYGM-MBK,L63K-CND,LZVS-YZN,L4JG-93X,LCRV-LG6,LK4W-3SM,LCXG-X53,LC5P-GXM,MV5M-7H9,LV1G-W6S,KNHF-8BQ,9JH2-ZX2,LYSX-21V,LR7F-GMD,LCC2-5P9,L788-XB7,L1QZ-DVF,LKKM-JCV,L1W5-SCF,MHCH-JVT,2Z3Q-36S,GSHY-LTD,LBHM-D13,LCQJ-3RY,LZF7-R35,LVQM-277,KF5R-F1K,MN19-SFD,LKVX-CYL,GD7N-21S,L1MS-JV8,GGR4-4X6,LZDQ-8TM,LB91-V89,LR11-NQP,LD1B-VHT,L5LS-NNQ,LC3G-SV9,LBWY-X9K,LKLY-K3K,LYMN-TSB,LRZK-NP2,GLDT-P3Z,LCRV-L55,2WHV-QNQ,GK4K-YT5,P7Z9-8SD,GZMQ-MV1,L5KK-2WF,L5XK-W3V,G2Z5-6V4,LZL7-1Q1,LT4P-18S,LYXX-BN1,KH5T-BBC,M5BN-ZXR,LZJ5-7J8,LKD2-83G,LC8G-VM1,M77L-D17,274J-48X,LHHW-YCD,LX6M-HQ1,LZDS-8M8,LC8G-VQY,KN3W-YFT,LZL7-5G2,GST6-92X,M1JD-3HF,L8BB-56R,LZ2B-XKG,KLY8-LLW,M5Q2-FQL,MT66-XD5,PWCM-N8M,KCNH-YK1,LY6V-D2V,L715-6RN,GX7G-5M5,M3QV-CTY,LLMT-5QJ,L4TH-4K3,PDG5-KQV,LCJ1-QBV,LC6G-77M,L18Y-2XZ,LT4M-JV8,LT4G-TFZ,LZGP-XG3
[2026-06-08 22:26:39]: Status code: 200
[2026-06-08 22:26:39]: Downloading: /platform/tree/persons/LZJ5-7J8/sources
[2026-06-08 22:26:39]: Downloading: /platform/tree/persons/LK4W-3SM/sources
[2026-06-08 22:26:39]: Downloading: /platform/tree/persons/LYR6-51R/sources
[2026-06-08 22:26:39]: Downloading: /platform/tree/persons/M2CD-41T/sources
[2026-06-08 22:26:39]: Downloading: /platform/tree/persons/L4TH-4K3/sources
[2026-06-08 22:26:39]: Downloading: /platform/tree/persons/LCXG-X53/sources
[2026-06-08 22:26:39]: Downloading: /platform/tree/persons/L715-6RN/sources
[2026-06-08 22:26:39]: Downloading: /platform/tree/persons/LYBG-52P/sources
[2026-06-08 22:26:39]: Downloading: /platform/tree/persons/L8BY-JYG/sources
[2026-06-08 22:26:39]: Downloading: /platform/tree/persons/LKD2-83G/sources
[2026-06-08 22:26:39]: Downloading: /platform/tree/persons/GX7G-5M5/sources
[2026-06-08 22:26:39]: Downloading: /platform/tree/persons/LZDQ-8TM/sources
[2026-06-08 22:26:39]: Downloading: /platform/tree/persons/LZGP-XG3/sources
[2026-06-08 22:26:39]: Downloading: /platform/tree/persons/LLMT-5QJ/sources
[2026-06-08 22:26:39]: Status code: 200
[2026-06-08 22:26:39]: Downloading: /platform/memories/memories/185056089
[2026-06-08 22:26:39]: Status code: 200
[2026-06-08 22:26:39]: Downloading: /platform/memories/memories/193008958
[2026-06-08 22:26:40]: Status code: 200
[2026-06-08 22:26:40]: Downloading: /platform/memories/memories/193625730
[2026-06-08 22:26:40]: Status code: 200
[2026-06-08 22:26:40]: Downloading: /platform/memories/memories/164496210
[2026-06-08 22:26:41]: Status code: 200
[2026-06-08 22:26:41]: Downloading: /platform/memories/memories/100582409
[2026-06-08 22:26:41]: Status code: 200
[2026-06-08 22:26:41]: Downloading: /platform/memories/memories/129117553
[2026-06-08 22:26:42]: Status code: 200
[2026-06-08 22:26:42]: Downloading: /platform/memories/memories/118242198
[2026-06-08 22:26:42]: Status code: 200
[2026-06-08 22:26:42]: Downloading: /platform/memories/memories/164496164
[2026-06-08 22:26:43]: Status code: 200
[2026-06-08 22:26:43]: Downloading: /platform/memories/memories/235544403
[2026-06-08 22:26:43]: Status code: 200
[2026-06-08 22:26:43]: Downloading: /platform/memories/memories/14628990
[2026-06-08 22:26:44]: Status code: 200
[2026-06-08 22:26:44]: Downloading: /platform/memories/memories/37794906
[2026-06-08 22:26:45]: Status code: 200
[2026-06-08 22:26:45]: Downloading: /platform/memories/memories/215379032
[2026-06-08 22:26:45]: Status code: 200
[2026-06-08 22:26:45]: Downloading: /platform/tree/persons/LZSS-RBM/sources
[2026-06-08 22:26:45]: Status code: 200
[2026-06-08 22:26:45]: Downloading: /platform/tree/persons/L8HV-G8W/sources
[2026-06-08 22:26:46]: Status code: 200
[2026-06-08 22:26:46]: Downloading: /platform/memories/memories/129117552
[2026-06-08 22:26:46]: Status code: 200
[2026-06-08 22:26:46]: Downloading: /platform/memories/memories/86578286
[2026-06-08 22:26:47]: Status code: 200
[2026-06-08 22:26:47]: Downloading: /platform/memories/memories/176672636
[2026-06-08 22:26:47]: Status code: 200
[2026-06-08 22:26:47]: Downloading: /platform/memories/memories/203979593
[2026-06-08 22:26:48]: Status code: 200
[2026-06-08 22:26:48]: Downloading: /platform/memories/memories/129117551
[2026-06-08 22:26:48]: Status code: 200
[2026-06-08 22:26:48]: Downloading: /platform/memories/memories/15144719
[2026-06-08 22:26:49]: Status code: 200
[2026-06-08 22:26:49]: Downloading: /platform/memories/memories/14628995
[2026-06-08 22:26:49]: Status code: 200
[2026-06-08 22:26:49]: Downloading: /platform/memories/memories/92967025
[2026-06-08 22:26:50]: Status code: 200
[2026-06-08 22:26:50]: Downloading: /platform/memories/memories/161374462
[2026-06-08 22:26:50]: Status code: 200
[2026-06-08 22:26:50]: Downloading: /platform/memories/memories/153857811
[2026-06-08 22:26:51]: Status code: 200
[2026-06-08 22:26:51]: Downloading: /platform/memories/memories/129117550
[2026-06-08 22:26:51]: Status code: 200
[2026-06-08 22:26:51]: Downloading: /platform/memories/memories/16828793
[2026-06-08 22:26:52]: Status code: 200
[2026-06-08 22:26:52]: Downloading: /platform/memories/memories/174882342
[2026-06-08 22:26:52]: Status code: 200
[2026-06-08 22:26:52]: Downloading: /platform/memories/memories/203979533
[2026-06-08 22:26:53]: Status code: 200
[2026-06-08 22:26:53]: Downloading: /platform/memories/memories/86578485
[2026-06-08 22:26:53]: Status code: 200
[2026-06-08 22:26:53]: Downloading: /platform/memories/memories/113871435
[2026-06-08 22:26:54]: Status code: 200
[2026-06-08 22:26:54]: Downloading: /platform/memories/memories/90206746
[2026-06-08 22:26:54]: Status code: 200
[2026-06-08 22:26:54]: Downloading: /platform/memories/memories/226435645
[2026-06-08 22:26:55]: Status code: 200
[2026-06-08 22:26:55]: Status code: 200
[2026-06-08 22:26:55]: Downloading: /platform/memories/memories/205510255
[2026-06-08 22:26:55]: Downloading: /platform/memories/memories/86578486
[2026-06-08 22:26:56]: Status code: 200
[2026-06-08 22:26:56]: Downloading: /platform/memories/memories/147994217
[2026-06-08 22:26:56]: Status code: 200
[2026-06-08 22:26:56]: Downloading: /platform/memories/memories/113870862
[2026-06-08 22:26:57]: Status code: 200
[2026-06-08 22:26:57]: Downloading: /platform/memories/memories/113870738
[2026-06-08 22:26:57]: Status code: 200
[2026-06-08 22:26:57]: Downloading: /platform/memories/memories/9646814
[2026-06-08 22:26:58]: Status code: 200
[2026-06-08 22:26:58]: Downloading: /platform/memories/memories/172973128
[2026-06-08 22:26:58]: Status code: 200
[2026-06-08 22:26:58]: Downloading: /platform/memories/memories/208085786
[2026-06-08 22:26:59]: Status code: 200
[2026-06-08 22:26:59]: Downloading: /platform/memories/memories/37794854
[2026-06-08 22:26:59]: Status code: 200
[2026-06-08 22:26:59]: Downloading: /platform/memories/memories/113870449
[2026-06-08 22:27:00]: Status code: 200
[2026-06-08 22:27:00]: Downloading: /platform/memories/memories/5311798
[2026-06-08 22:27:00]: Status code: 200
[2026-06-08 22:27:00]: Downloading: /platform/memories/memories/37822881
[2026-06-08 22:27:01]: Status code: 200
[2026-06-08 22:27:01]: Downloading: /platform/memories/memories/142674374
[2026-06-08 22:27:01]: Status code: 200
[2026-06-08 22:27:01]: Downloading: /platform/memories/memories/237817411
[2026-06-08 22:27:02]: Status code: 200
[2026-06-08 22:27:02]: Downloading: /platform/memories/memories/1506553
[2026-06-08 22:27:02]: Status code: 200
[2026-06-08 22:27:02]: Downloading: /platform/memories/memories/205510219
[2026-06-08 22:27:03]: Status code: 200
[2026-06-08 22:27:03]: Downloading: /platform/memories/memories/100582374
[2026-06-08 22:27:03]: Status code: 200
[2026-06-08 22:27:03]: Downloading: /platform/memories/memories/25135943
[2026-06-08 22:27:04]: Status code: 200
[2026-06-08 22:27:04]: Downloading: /platform/memories/memories/84261402
[2026-06-08 22:27:04]: Status code: 200
[2026-06-08 22:27:04]: Downloading: /platform/memories/memories/7792762
[2026-06-08 22:27:05]: Status code: 200
[2026-06-08 22:27:05]: Status code: 200
[2026-06-08 22:27:05]: Downloading: /platform/memories/memories/127987240
[2026-06-08 22:27:05]: Downloading: /platform/memories/memories/86578446
[2026-06-08 22:27:06]: Status code: 200
[2026-06-08 22:27:06]: Downloading: /platform/memories/memories/135939898
[2026-06-08 22:27:06]: Status code: 200
[2026-06-08 22:27:06]: Downloading: /platform/memories/memories/36983152
[2026-06-08 22:27:07]: Status code: 200
[2026-06-08 22:27:07]: Downloading: /platform/memories/memories/7792764
[2026-06-08 22:27:07]: Status code: 200
[2026-06-08 22:27:07]: Downloading: /platform/memories/memories/34584857
[2026-06-08 22:27:08]: Status code: 200
[2026-06-08 22:27:08]: Downloading: /platform/memories/memories/185475772
[2026-06-08 22:27:08]: Status code: 200
[2026-06-08 22:27:08]: Downloading: /platform/memories/memories/102714475
[2026-06-08 22:27:09]: Status code: 200
[2026-06-08 22:27:09]: Downloading: /platform/memories/memories/117544841
[2026-06-08 22:27:09]: Status code: 200
[2026-06-08 22:27:09]: Downloading: /platform/memories/memories/7792751
[2026-06-08 22:27:10]: Status code: 200
[2026-06-08 22:27:10]: Downloading: /platform/memories/memories/101205932
[2026-06-08 22:27:10]: Status code: 200
[2026-06-08 22:27:10]: Downloading: /platform/memories/memories/118533133
[2026-06-08 22:27:11]: Status code: 200
[2026-06-08 22:27:11]: Status code: 200
[2026-06-08 22:27:11]: Downloading: /platform/memories/memories/93184385
[2026-06-08 22:27:11]: Downloading: /platform/tree/persons/KGV2-1VJ/sources
[2026-06-08 22:27:12]: Status code: 200
[2026-06-08 22:27:12]: Downloading: /platform/memories/memories/73395756
[2026-06-08 22:27:12]: Status code: 200
[2026-06-08 22:27:12]: Downloading: /platform/memories/memories/83665325
[2026-06-08 22:27:13]: Status code: 200
[2026-06-08 22:27:13]: Status code: 200
[2026-06-08 22:27:13]: Downloading: /platform/memories/memories/113845208
[2026-06-08 22:27:13]: Downloading: /platform/memories/memories/84261315
[2026-06-08 22:27:14]: Status code: 200
[2026-06-08 22:27:14]: Downloading: /platform/memories/memories/93184129
[2026-06-08 22:27:14]: Status code: 200
[2026-06-08 22:27:14]: Downloading: /platform/memories/memories/169421463
[2026-06-08 22:27:15]: Status code: 200
[2026-06-08 22:27:15]: Downloading: /platform/tree/persons/LR11-NQP/sources
[2026-06-08 22:27:15]: Status code: 200
[2026-06-08 22:27:15]: Downloading: /platform/memories/memories/113828227
[2026-06-08 22:27:16]: Status code: 200
[2026-06-08 22:27:16]: Downloading: /platform/tree/persons/M5BN-ZXR/sources
[2026-06-08 22:27:16]: Status code: 200
[2026-06-08 22:27:16]: Downloading: /platform/memories/memories/109900220
[2026-06-08 22:27:17]: Status code: 200
[2026-06-08 22:27:17]: Downloading: /platform/memories/memories/127318210
[2026-06-08 22:27:17]: Status code: 200
[2026-06-08 22:27:17]: Downloading: /platform/memories/memories/83665329
[2026-06-08 22:27:18]: Status code: 200
[2026-06-08 22:27:18]: Downloading: /platform/memories/memories/7792602
[2026-06-08 22:27:18]: Status code: 200
[2026-06-08 22:27:18]: Downloading: /platform/memories/memories/16828793
[2026-06-08 22:27:19]: Status code: 200
[2026-06-08 22:27:19]: Downloading: /platform/memories/memories/107449722
[2026-06-08 22:27:19]: Status code: 200
[2026-06-08 22:27:19]: Downloading: /platform/memories/memories/127318273
[2026-06-08 22:27:20]: Status code: 200
[2026-06-08 22:27:20]: Downloading: /platform/memories/memories/161383449
[2026-06-08 22:27:20]: Status code: 200
[2026-06-08 22:27:20]: Downloading: /platform/memories/memories/118533054
[2026-06-08 22:27:21]: Status code: 200
[2026-06-08 22:27:21]: Downloading: /platform/memories/memories/93184196
[2026-06-08 22:27:21]: Status code: 200
[2026-06-08 22:27:21]: Downloading: /platform/memories/memories/212205765
[2026-06-08 22:27:22]: Status code: 200
[2026-06-08 22:27:22]: Downloading: /platform/memories/memories/7792576
[2026-06-08 22:27:22]: Status code: 200
[2026-06-08 22:27:22]: Downloading: /platform/memories/memories/9646799
[2026-06-08 22:27:23]: Status code: 200
[2026-06-08 22:27:23]: Downloading: /platform/memories/memories/147994150
[2026-06-08 22:27:23]: Status code: 200
[2026-06-08 22:27:23]: Downloading: /platform/memories/memories/108784092
[2026-06-08 22:27:24]: Status code: 200
[2026-06-08 22:27:24]: Downloading: /platform/memories/memories/102136304
[2026-06-08 22:27:24]: Status code: 200
[2026-06-08 22:27:24]: Downloading: /platform/tree/persons/MZCP-5W1/sources
[2026-06-08 22:27:25]: Status code: 200
[2026-06-08 22:27:25]: Downloading: /platform/memories/memories/30457383
[2026-06-08 22:27:25]: Status code: 200
[2026-06-08 22:27:25]: Downloading: /platform/memories/memories/181349654
[2026-06-08 22:27:26]: Status code: 200
[2026-06-08 22:27:26]: Downloading: /platform/memories/memories/84261402
[2026-06-08 22:27:26]: Status code: 200
[2026-06-08 22:27:26]: Downloading: /platform/memories/memories/30457381
[2026-06-08 22:27:27]: Status code: 200
[2026-06-08 22:27:27]: Downloading: /platform/tree/persons/LVP9-HZX/sources
[2026-06-08 22:27:27]: Status code: 200
[2026-06-08 22:27:27]: Downloading: /platform/memories/memories/30457387
[2026-06-08 22:27:28]: Status code: 200
[2026-06-08 22:27:28]: Status code: 200
[2026-06-08 22:27:28]: Downloading: /platform/memories/memories/195649839
[2026-06-08 22:27:28]: Downloading: /platform/tree/persons/LYJ8-4B6/sources
[2026-06-08 22:27:29]: Status code: 200
[2026-06-08 22:27:29]: Downloading: /platform/memories/memories/31180530
[2026-06-08 22:27:30]: Status code: 200
[2026-06-08 22:27:30]: Downloading: /platform/tree/persons/KCNH-YK1/sources
[2026-06-08 22:27:30]: Status code: 200
[2026-06-08 22:27:30]: Downloading: /platform/memories/memories/84261315
[2026-06-08 22:27:30]: Status code: 200
[2026-06-08 22:27:30]: Downloading: /platform/memories/memories/150375320
[2026-06-08 22:27:31]: Status code: 200
[2026-06-08 22:27:31]: Downloading: /platform/memories/memories/7792566
[2026-06-08 22:27:31]: Status code: 200
[2026-06-08 22:27:31]: Downloading: /platform/memories/memories/218684912
[2026-06-08 22:27:32]: Status code: 200
[2026-06-08 22:27:32]: Downloading: /platform/memories/memories/133185225
[2026-06-08 22:27:32]: Status code: 200
[2026-06-08 22:27:32]: Downloading: /platform/memories/memories/7792556
[2026-06-08 22:27:33]: Status code: 200
[2026-06-08 22:27:33]: Downloading: /platform/memories/memories/133167390
[2026-06-08 22:27:33]: Status code: 200
[2026-06-08 22:27:33]: Downloading: /platform/memories/memories/240704919
[2026-06-08 22:27:34]: Status code: 200
[2026-06-08 22:27:34]: Downloading: /platform/memories/memories/190653990
[2026-06-08 22:27:34]: Status code: 200
[2026-06-08 22:27:34]: Downloading: /platform/memories/memories/3864319
[2026-06-08 22:27:35]: Status code: 200
[2026-06-08 22:27:35]: Downloading: /platform/memories/memories/41296359
[2026-06-08 22:27:35]: Status code: 200
[2026-06-08 22:27:35]: Downloading: /platform/memories/memories/25955896
[2026-06-08 22:27:36]: Status code: 200
[2026-06-08 22:27:36]: Downloading: /platform/memories/memories/185498489
[2026-06-08 22:27:36]: Status code: 200
[2026-06-08 22:27:36]: Downloading: /platform/memories/memories/133167230
[2026-06-08 22:27:37]: Status code: 200
[2026-06-08 22:27:37]: Downloading: /platform/memories/memories/29881960
[2026-06-08 22:27:37]: Status code: 200
[2026-06-08 22:27:37]: Downloading: /platform/memories/memories/196377459
[2026-06-08 22:27:38]: Status code: 200
[2026-06-08 22:27:38]: Downloading: /platform/memories/memories/215266677
[2026-06-08 22:27:38]: Status code: 200
[2026-06-08 22:27:38]: Downloading: /platform/memories/memories/113733605
[2026-06-08 22:27:39]: Status code: 200
[2026-06-08 22:27:39]: Downloading: /platform/memories/memories/118533005
[2026-06-08 22:27:39]: Status code: 200
[2026-06-08 22:27:39]: Downloading: /platform/memories/memories/215266592
[2026-06-08 22:27:40]: Status code: 200
[2026-06-08 22:27:40]: Downloading: /platform/memories/memories/83665324
[2026-06-08 22:27:40]: Status code: 200
[2026-06-08 22:27:40]: Downloading: /platform/tree/persons/KN3W-YFT/sources
[2026-06-08 22:27:41]: Status code: 200
[2026-06-08 22:27:41]: Downloading: /platform/memories/memories/85690236
[2026-06-08 22:27:41]: Status code: 200
[2026-06-08 22:27:41]: Downloading: /platform/memories/memories/227962135
[2026-06-08 22:27:42]: Status code: 200
[2026-06-08 22:27:42]: Downloading: /platform/memories/memories/127657436
[2026-06-08 22:27:42]: Status code: 200
[2026-06-08 22:27:42]: Downloading: /platform/memories/memories/83665332
[2026-06-08 22:27:43]: Status code: 200
[2026-06-08 22:27:43]: Downloading: /platform/memories/memories/19435890
[2026-06-08 22:27:43]: Status code: 200
[2026-06-08 22:27:43]: Downloading: /platform/memories/memories/7599845
[2026-06-08 22:27:44]: Status code: 200
[2026-06-08 22:27:44]: Downloading: /platform/memories/memories/39442067
[2026-06-08 22:27:44]: Status code: 200
[2026-06-08 22:27:44]: Downloading: /platform/memories/memories/115741168
[2026-06-08 22:27:45]: Status code: 200
[2026-06-08 22:27:45]: Status code: 200
[2026-06-08 22:27:45]: Downloading: /platform/memories/memories/124333039
[2026-06-08 22:27:45]: Downloading: /platform/memories/memories/109486020
[2026-06-08 22:27:46]: Status code: 200
[2026-06-08 22:27:46]: Downloading: /platform/memories/memories/26952770
[2026-06-08 22:27:46]: Status code: 200
[2026-06-08 22:27:46]: Downloading: /platform/memories/memories/109486021
[2026-06-08 22:27:47]: Status code: 200
[2026-06-08 22:27:47]: Status code: 200
[2026-06-08 22:27:47]: Downloading: /platform/memories/memories/41296358
[2026-06-08 22:27:47]: Downloading: /platform/memories/memories/118522380
[2026-06-08 22:27:48]: Status code: 200
[2026-06-08 22:27:48]: Downloading: /platform/memories/memories/114260751
[2026-06-08 22:27:48]: Status code: 200
[2026-06-08 22:27:48]: Downloading: /platform/tree/persons/LKTY-VYC/sources
[2026-06-08 22:27:49]: Status code: 200
[2026-06-08 22:27:49]: Downloading: /platform/memories/memories/190764653
[2026-06-08 22:27:49]: Status code: 200
[2026-06-08 22:27:49]: Downloading: /platform/memories/memories/114259818
[2026-06-08 22:27:50]: Status code: 200
[2026-06-08 22:27:50]: Downloading: /platform/memories/memories/119765175
[2026-06-08 22:27:50]: Status code: 200
[2026-06-08 22:27:50]: Downloading: /platform/memories/memories/165175049
[2026-06-08 22:27:51]: Status code: 200
[2026-06-08 22:27:51]: Downloading: /platform/memories/memories/16828793
[2026-06-08 22:27:51]: Status code: 200
[2026-06-08 22:27:51]: Downloading: /platform/memories/memories/180217378
[2026-06-08 22:27:52]: Status code: 200
[2026-06-08 22:27:52]: Downloading: /platform/tree/persons/L788-XB7/sources
[2026-06-08 22:27:52]: Status code: 200
[2026-06-08 22:27:52]: Downloading: /platform/memories/memories/109486018
[2026-06-08 22:27:53]: Status code: 200
[2026-06-08 22:27:53]: Downloading: /platform/memories/memories/124236647
[2026-06-08 22:27:53]: Status code: 200
[2026-06-08 22:27:53]: Downloading: /platform/memories/memories/36456061
[2026-06-08 22:27:54]: Status code: 200
[2026-06-08 22:27:54]: Status code: 200
[2026-06-08 22:27:54]: Downloading: /platform/memories/memories/124198827
[2026-06-08 22:27:54]: Downloading: /platform/tree/persons/MY9W-4NF/sources
[2026-06-08 22:27:55]: Status code: 200
[2026-06-08 22:27:55]: Downloading: /platform/memories/memories/83665333
[2026-06-08 22:27:55]: Status code: 200
[2026-06-08 22:27:55]: Downloading: /platform/memories/memories/191616885
[2026-06-08 22:27:56]: Status code: 200
[2026-06-08 22:27:56]: Downloading: /platform/memories/memories/222229648
[2026-06-08 22:27:56]: Status code: 200
[2026-06-08 22:27:56]: Downloading: /platform/memories/memories/124193563
[2026-06-08 22:27:57]: Status code: 200
[2026-06-08 22:27:57]: Downloading: /platform/memories/memories/126953369
[2026-06-08 22:27:57]: Status code: 200
[2026-06-08 22:27:57]: Downloading: /platform/tree/persons/LT4G-TFZ/sources
[2026-06-08 22:27:58]: Status code: 200
[2026-06-08 22:27:58]: Downloading: /platform/memories/memories/49488887
[2026-06-08 22:27:58]: Status code: 200
[2026-06-08 22:27:58]: Downloading: /platform/memories/memories/162637459
[2026-06-08 22:27:59]: Status code: 403
[2026-06-08 22:27:59]: HTTPError
[2026-06-08 22:27:59]: WARNING: code 403 from /platform/memories/memories/180217378 Failure in upstream call: Unable to read artifact description. (upstream 403)
[2026-06-08 22:27:59]: Downloading: /platform/memories/memories/124023218
[2026-06-08 22:27:59]: Status code: 200
[2026-06-08 22:27:59]: Downloading: /platform/memories/memories/208186669
[2026-06-08 22:28:00]: Status code: 200
[2026-06-08 22:28:00]: Downloading: /platform/memories/memories/124023113
[2026-06-08 22:28:00]: Status code: 200
[2026-06-08 22:28:00]: Downloading: /platform/memories/memories/110210999
[2026-06-08 22:28:01]: Status code: 200
[2026-06-08 22:28:01]: Downloading: /platform/memories/memories/147994355
[2026-06-08 22:28:02]: Status code: 200
[2026-06-08 22:28:02]: Downloading: /platform/memories/memories/195097909
[2026-06-08 22:28:02]: Status code: 200
[2026-06-08 22:28:02]: Downloading: /platform/memories/memories/200628834
[2026-06-08 22:28:02]: Status code: 200
[2026-06-08 22:28:02]: Downloading: /platform/memories/memories/19282952
[2026-06-08 22:28:03]: Status code: 200
[2026-06-08 22:28:03]: Downloading: /platform/memories/memories/192850966
[2026-06-08 22:28:03]: Status code: 200
[2026-06-08 22:28:03]: Downloading: /platform/memories/memories/118458133
[2026-06-08 22:28:04]: Status code: 200
[2026-06-08 22:28:04]: Downloading: /platform/memories/memories/239703812
[2026-06-08 22:28:04]: Status code: 200
[2026-06-08 22:28:04]: Downloading: /platform/memories/memories/182676049
[2026-06-08 22:28:05]: Status code: 200
[2026-06-08 22:28:05]: Status code: 200
[2026-06-08 22:28:05]: Downloading: /platform/memories/memories/118458125
[2026-06-08 22:28:05]: Downloading: /platform/memories/memories/113177660
[2026-06-08 22:28:06]: Status code: 200
[2026-06-08 22:28:06]: Downloading: /platform/memories/memories/157263223
[2026-06-08 22:28:06]: Status code: 200
[2026-06-08 22:28:06]: Downloading: /platform/memories/memories/150188073
[2026-06-08 22:28:07]: Status code: 200
[2026-06-08 22:28:07]: Downloading: /platform/memories/memories/160967976
[2026-06-08 22:28:07]: Status code: 200
[2026-06-08 22:28:07]: Downloading: /platform/tree/persons/LJPJ-VXP/sources
[2026-06-08 22:28:08]: Status code: 200
[2026-06-08 22:28:08]: Downloading: /platform/memories/memories/97378575
[2026-06-08 22:28:08]: Status code: 200
[2026-06-08 22:28:08]: Downloading: /platform/memories/memories/148374708
[2026-06-08 22:28:09]: Status code: 200
[2026-06-08 22:28:09]: Downloading: /platform/memories/memories/192850935
[2026-06-08 22:28:09]: Status code: 200
[2026-06-08 22:28:09]: Downloading: /platform/memories/memories/123626662
[2026-06-08 22:28:10]: Status code: 200
[2026-06-08 22:28:10]: Downloading: /platform/memories/memories/72640102
[2026-06-08 22:28:10]: Status code: 200
[2026-06-08 22:28:10]: Downloading: /platform/memories/memories/88234461
[2026-06-08 22:28:11]: Status code: 200
[2026-06-08 22:28:11]: Downloading: /platform/memories/memories/200447317
[2026-06-08 22:28:11]: Status code: 200
[2026-06-08 22:28:11]: Downloading: /platform/memories/memories/192850932
[2026-06-08 22:28:12]: Status code: 200
[2026-06-08 22:28:12]: Downloading: /platform/memories/memories/158579777
[2026-06-08 22:28:12]: Status code: 200
[2026-06-08 22:28:12]: Downloading: /platform/memories/memories/109483044
[2026-06-08 22:28:13]: Status code: 200
[2026-06-08 22:28:13]: Downloading: /platform/tree/persons/L1W5-SCF/sources
[2026-06-08 22:28:13]: Status code: 200
[2026-06-08 22:28:13]: Downloading: /platform/memories/memories/158579654
[2026-06-08 22:28:14]: Status code: 200
[2026-06-08 22:28:14]: Downloading: /platform/tree/persons/LHHW-YCD/sources
[2026-06-08 22:28:14]: Status code: 200
[2026-06-08 22:28:14]: Downloading: /platform/tree/persons/KZDX-6TT/sources
[2026-06-08 22:28:15]: Status code: 200
[2026-06-08 22:28:15]: Downloading: /platform/memories/memories/101455588
[2026-06-08 22:28:15]: Status code: 200
[2026-06-08 22:28:15]: Downloading: /platform/memories/memories/163312504
[2026-06-08 22:28:16]: Status code: 200
[2026-06-08 22:28:16]: Downloading: /platform/memories/memories/192850907
[2026-06-08 22:28:16]: Status code: 200
[2026-06-08 22:28:16]: Downloading: /platform/memories/memories/36236885
[2026-06-08 22:28:17]: Status code: 200
[2026-06-08 22:28:17]: Downloading: /platform/memories/memories/109481431
[2026-06-08 22:28:17]: Status code: 200
[2026-06-08 22:28:17]: Downloading: /platform/tree/persons/MRNW-9RB/sources
[2026-06-08 22:28:18]: Status code: 200
[2026-06-08 22:28:18]: Downloading: /platform/memories/memories/118816366
[2026-06-08 22:28:18]: Status code: 200
[2026-06-08 22:28:18]: Downloading: /platform/memories/memories/231427367
[2026-06-08 22:28:19]: Status code: 200
[2026-06-08 22:28:19]: Downloading: /platform/memories/memories/104046225
[2026-06-08 22:28:19]: Status code: 200
[2026-06-08 22:28:19]: Downloading: /platform/memories/memories/226697454
[2026-06-08 22:28:20]: Status code: 200
[2026-06-08 22:28:20]: Downloading: /platform/memories/memories/98028119
[2026-06-08 22:28:20]: Status code: 200
[2026-06-08 22:28:20]: Downloading: /platform/tree/persons/LZVS-YZN/sources
[2026-06-08 22:28:21]: Status code: 200
[2026-06-08 22:28:21]: Status code: 200
[2026-06-08 22:28:21]: Downloading: /platform/memories/memories/115742139
[2026-06-08 22:28:21]: Downloading: /platform/memories/memories/154421942
[2026-06-08 22:28:22]: Status code: 200
[2026-06-08 22:28:22]: Downloading: /platform/tree/persons/LC8G-VM1/sources
[2026-06-08 22:28:22]: Status code: 200
[2026-06-08 22:28:22]: Downloading: /platform/memories/memories/191673986
[2026-06-08 22:28:23]: Status code: 200
[2026-06-08 22:28:23]: Downloading: /platform/memories/memories/84557461
[2026-06-08 22:28:23]: Status code: 200
[2026-06-08 22:28:23]: Downloading: /platform/memories/memories/231426973
[2026-06-08 22:28:24]: Status code: 200
[2026-06-08 22:28:24]: Downloading: /platform/memories/memories/126877517
[2026-06-08 22:28:24]: Status code: 200
[2026-06-08 22:28:24]: Downloading: /platform/memories/memories/191668583
[2026-06-08 22:28:25]: Status code: 200
[2026-06-08 22:28:25]: Status code: 200
[2026-06-08 22:28:25]: Downloading: /platform/memories/memories/192850899
[2026-06-08 22:28:25]: Downloading: /platform/tree/persons/2Z8S-ZG5/sources
[2026-06-08 22:28:26]: Status code: 200
[2026-06-08 22:28:26]: Downloading: /platform/memories/memories/209199612
[2026-06-08 22:28:26]: Status code: 200
[2026-06-08 22:28:26]: Downloading: /platform/memories/memories/152107868
[2026-06-08 22:28:27]: Status code: 200
[2026-06-08 22:28:27]: Status code: 200
[2026-06-08 22:28:27]: Downloading: /platform/memories/memories/115741328
[2026-06-08 22:28:27]: Downloading: /platform/tree/persons/LZF7-R35/sources
[2026-06-08 22:28:28]: Status code: 200
[2026-06-08 22:28:28]: Downloading: /platform/tree/persons/LT4P-18S/sources
[2026-06-08 22:28:28]: Status code: 200
[2026-06-08 22:28:28]: Downloading: /platform/memories/memories/118458112
[2026-06-08 22:28:29]: Status code: 200
[2026-06-08 22:28:29]: Downloading: /platform/memories/memories/135843717
[2026-06-08 22:28:29]: Status code: 200
[2026-06-08 22:28:29]: Downloading: /platform/tree/persons/MYH6-H9R/sources
[2026-06-08 22:28:30]: Status code: 200
[2026-06-08 22:28:30]: Downloading: /platform/memories/memories/98027932
[2026-06-08 22:28:30]: Status code: 200
[2026-06-08 22:28:30]: Downloading: /platform/memories/memories/241622716
[2026-06-08 22:28:31]: Status code: 200
[2026-06-08 22:28:31]: Downloading: /platform/memories/memories/84565129
[2026-06-08 22:28:31]: Status code: 200
[2026-06-08 22:28:31]: Downloading: /platform/memories/memories/98027911
[2026-06-08 22:28:32]: Status code: 200
[2026-06-08 22:28:32]: Downloading: /platform/memories/memories/115741201
[2026-06-08 22:28:32]: Status code: 200
[2026-06-08 22:28:32]: Downloading: /platform/memories/memories/168157795
[2026-06-08 22:28:33]: Status code: 200
[2026-06-08 22:28:33]: Downloading: /platform/memories/memories/37794906
[2026-06-08 22:28:33]: Status code: 200
[2026-06-08 22:28:33]: Downloading: /platform/tree/persons/GHZN-HBZ/sources
[2026-06-08 22:28:34]: Status code: 200
[2026-06-08 22:28:34]: Downloading: /platform/memories/memories/115719460
[2026-06-08 22:28:34]: Status code: 200
[2026-06-08 22:28:34]: Downloading: /platform/tree/persons/LYJ8-C4W/sources
[2026-06-08 22:28:35]: Status code: 200
[2026-06-08 22:28:35]: Downloading: /platform/memories/memories/151438835
[2026-06-08 22:28:35]: Status code: 200
[2026-06-08 22:28:35]: Downloading: /platform/memories/memories/121475424
[2026-06-08 22:28:36]: Status code: 200
[2026-06-08 22:28:36]: Downloading: /platform/memories/memories/212679384
[2026-06-08 22:28:36]: Status code: 200
[2026-06-08 22:28:36]: Downloading: /platform/memories/memories/104119167
[2026-06-08 22:28:37]: Status code: 200
[2026-06-08 22:28:37]: Downloading: /platform/memories/memories/126876219
[2026-06-08 22:28:37]: Status code: 200
[2026-06-08 22:28:37]: Downloading: /platform/memories/memories/121229466
[2026-06-08 22:28:38]: Status code: 200
[2026-06-08 22:28:38]: Downloading: /platform/memories/memories/118542423
[2026-06-08 22:28:38]: Status code: 200
[2026-06-08 22:28:38]: Downloading: /platform/memories/memories/37794854
[2026-06-08 22:28:39]: Status code: 200
[2026-06-08 22:28:39]: Downloading: /platform/memories/memories/115704828
[2026-06-08 22:28:39]: Status code: 200
[2026-06-08 22:28:39]: Downloading: /platform/memories/memories/180217378
[2026-06-08 22:28:40]: Status code: 403
[2026-06-08 22:28:40]: HTTPError
[2026-06-08 22:28:40]: WARNING: code 403 from /platform/memories/memories/180217378 Failure in upstream call: Unable to read artifact description. (upstream 403)
[2026-06-08 22:28:40]: Downloading: /platform/memories/memories/100832417
[2026-06-08 22:28:40]: Status code: 200
[2026-06-08 22:28:40]: Downloading: /platform/tree/persons/LZ2H-BWG/sources
[2026-06-08 22:28:41]: Status code: 200
[2026-06-08 22:28:41]: Status code: 200
[2026-06-08 22:28:41]: Downloading: /platform/memories/memories/115704721
[2026-06-08 22:28:41]: Downloading: /platform/memories/memories/4369187
[2026-06-08 22:28:42]: Status code: 200
[2026-06-08 22:28:42]: Downloading: /platform/memories/memories/98027822
[2026-06-08 22:28:42]: Status code: 200
[2026-06-08 22:28:42]: Downloading: /platform/tree/persons/LVPT-PWH/sources
[2026-06-08 22:28:43]: Status code: 200
[2026-06-08 22:28:43]: Downloading: /platform/memories/memories/146038059
[2026-06-08 22:28:43]: Status code: 200
[2026-06-08 22:28:43]: Downloading: /platform/memories/memories/112158737
[2026-06-08 22:28:44]: Status code: 200
[2026-06-08 22:28:44]: Downloading: /platform/memories/memories/203994575
[2026-06-08 22:28:44]: Status code: 200
[2026-06-08 22:28:44]: Downloading: /platform/memories/memories/30147561
[2026-06-08 22:28:45]: Status code: 200
[2026-06-08 22:28:45]: Downloading: /platform/memories/memories/19281529
[2026-06-08 22:28:45]: Status code: 200
[2026-06-08 22:28:45]: Downloading: /platform/tree/persons/LDJL-DSG/sources
[2026-06-08 22:28:46]: Status code: 200
[2026-06-08 22:28:46]: Downloading: /platform/memories/memories/108267205
[2026-06-08 22:28:46]: Status code: 200
[2026-06-08 22:28:46]: Downloading: /platform/memories/memories/72640102
[2026-06-08 22:28:47]: Status code: 200
[2026-06-08 22:28:47]: Downloading: /platform/memories/memories/98027799
[2026-06-08 22:28:47]: Status code: 200
[2026-06-08 22:28:47]: Downloading: /platform/memories/memories/228319397
[2026-06-08 22:28:48]: Status code: 200
[2026-06-08 22:28:48]: Downloading: /platform/tree/persons/LCRV-LG6/sources
[2026-06-08 22:28:48]: Status code: 200
[2026-06-08 22:28:48]: Downloading: /platform/memories/memories/55034452
[2026-06-08 22:28:49]: Status code: 200
[2026-06-08 22:28:49]: Downloading: /platform/memories/memories/111659746
[2026-06-08 22:28:49]: Status code: 200
[2026-06-08 22:28:49]: Downloading: /platform/tree/persons/2Z3Q-36S/sources
[2026-06-08 22:28:50]: Status code: 200
[2026-06-08 22:28:50]: Downloading: /platform/memories/memories/32844463
[2026-06-08 22:28:50]: Status code: 200
[2026-06-08 22:28:50]: Downloading: /platform/memories/memories/191904290
[2026-06-08 22:28:51]: Status code: 404
[2026-06-08 22:28:51]: WARNING: /platform/memories/memories/203994575
[2026-06-08 22:28:51]: Downloading: /platform/memories/memories/197073488
[2026-06-08 22:28:51]: Status code: 200
[2026-06-08 22:28:51]: Downloading: /platform/memories/memories/225554128
[2026-06-08 22:28:52]: Status code: 200
[2026-06-08 22:28:52]: Downloading: /platform/memories/memories/27676661
[2026-06-08 22:28:53]: Status code: 200
[2026-06-08 22:28:53]: Downloading: /platform/tree/persons/L8VR-BCK/sources
[2026-06-08 22:28:53]: Status code: 200
[2026-06-08 22:28:53]: Downloading: /platform/memories/memories/51960305
[2026-06-08 22:28:53]: Status code: 200
[2026-06-08 22:28:53]: Downloading: /platform/tree/persons/LZ4K-5SQ/sources
[2026-06-08 22:28:54]: Status code: 200
[2026-06-08 22:28:54]: Downloading: /platform/memories/memories/34551820
[2026-06-08 22:28:54]: Status code: 200
[2026-06-08 22:28:54]: Downloading: /platform/tree/persons/GSHY-R2X/sources
[2026-06-08 22:28:55]: Status code: 200
[2026-06-08 22:28:55]: Downloading: /platform/memories/memories/11197818
[2026-06-08 22:28:55]: Status code: 200
[2026-06-08 22:28:55]: Downloading: /platform/memories/memories/110611002
[2026-06-08 22:28:56]: Status code: 200
[2026-06-08 22:28:56]: Status code: 200
[2026-06-08 22:28:56]: Downloading: /platform/memories/memories/98027750
[2026-06-08 22:28:56]: Downloading: /platform/memories/memories/126875928
[2026-06-08 22:28:57]: Status code: 200
[2026-06-08 22:28:57]: Downloading: /platform/memories/memories/94758524
[2026-06-08 22:28:57]: Status code: 200
[2026-06-08 22:28:57]: Downloading: /platform/tree/persons/9JH2-ZX2/sources
[2026-06-08 22:28:58]: Status code: 200
[2026-06-08 22:28:58]: Downloading: /platform/memories/memories/4215124
[2026-06-08 22:28:58]: Status code: 200
[2026-06-08 22:28:58]: Downloading: /platform/tree/persons/LZVS-FG9/sources
[2026-06-08 22:28:59]: Status code: 403
[2026-06-08 22:28:59]: HTTPError
[2026-06-08 22:28:59]: WARNING: code 403 from /platform/memories/memories/191904290 Failure in upstream call: Unable to read artifact description. (upstream 403)
[2026-06-08 22:28:59]: Downloading: /platform/memories/memories/188170737
[2026-06-08 22:28:59]: Status code: 200
[2026-06-08 22:28:59]: Downloading: /platform/memories/memories/98027663
[2026-06-08 22:29:00]: Status code: 200
[2026-06-08 22:29:00]: Downloading: /platform/memories/memories/7850163
[2026-06-08 22:29:00]: Status code: 200
[2026-06-08 22:29:00]: Downloading: /platform/memories/memories/86578287
[2026-06-08 22:29:01]: Status code: 404
[2026-06-08 22:29:01]: WARNING: /platform/memories/memories/197073488
[2026-06-08 22:29:01]: Downloading: /platform/memories/memories/97219391
[2026-06-08 22:29:02]: Status code: 200
[2026-06-08 22:29:02]: Downloading: /platform/memories/memories/160967972
[2026-06-08 22:29:02]: Status code: 200
[2026-06-08 22:29:02]: Downloading: /platform/memories/memories/98027622
[2026-06-08 22:29:02]: Status code: 200
[2026-06-08 22:29:02]: Downloading: /platform/memories/memories/86578286
[2026-06-08 22:29:03]: Status code: 200
[2026-06-08 22:29:03]: Downloading: /platform/memories/memories/126874433
[2026-06-08 22:29:03]: Status code: 200
[2026-06-08 22:29:03]: Downloading: /platform/memories/memories/209732778
[2026-06-08 22:29:04]: Status code: 200
[2026-06-08 22:29:04]: Downloading: /platform/tree/persons/LR36-4RJ/sources
[2026-06-08 22:29:04]: Status code: 200
[2026-06-08 22:29:04]: Downloading: /platform/memories/memories/98027497
[2026-06-08 22:29:05]: Status code: 200
[2026-06-08 22:29:05]: Downloading: /platform/memories/memories/209732375
[2026-06-08 22:29:05]: Status code: 200
[2026-06-08 22:29:05]: Downloading: /platform/tree/persons/L8BY-VMV/sources
[2026-06-08 22:29:06]: Status code: 200
[2026-06-08 22:29:06]: Downloading: /platform/memories/memories/188170702
[2026-06-08 22:29:06]: Status code: 200
[2026-06-08 22:29:06]: Downloading: /platform/memories/memories/98027409
[2026-06-08 22:29:07]: Status code: 200
[2026-06-08 22:29:07]: Downloading: /platform/memories/memories/19381365
[2026-06-08 22:29:07]: Status code: 200
[2026-06-08 22:29:07]: Downloading: /platform/memories/memories/15331321
[2026-06-08 22:29:08]: Status code: 200
[2026-06-08 22:29:08]: Downloading: /platform/tree/persons/GP9H-674/sources
[2026-06-08 22:29:08]: Status code: 200
[2026-06-08 22:29:08]: Downloading: /platform/memories/memories/94758523
[2026-06-08 22:29:09]: Status code: 200
[2026-06-08 22:29:09]: Downloading: /platform/memories/memories/15331460
[2026-06-08 22:29:09]: Status code: 200
[2026-06-08 22:29:09]: Downloading: /platform/memories/memories/237656700
[2026-06-08 22:29:10]: Status code: 200
[2026-06-08 22:29:10]: Downloading: /platform/tree/persons/LX6M-HQ1/sources
[2026-06-08 22:29:10]: Status code: 200
[2026-06-08 22:29:10]: Downloading: /platform/memories/memories/30646869
[2026-06-08 22:29:11]: Status code: 404
[2026-06-08 22:29:11]: WARNING: /platform/memories/memories/19381365
[2026-06-08 22:29:11]: Downloading: /platform/memories/memories/92588705
[2026-06-08 22:29:11]: Status code: 200
[2026-06-08 22:29:11]: Downloading: /platform/memories/memories/216478064
[2026-06-08 22:29:13]: Status code: 200
[2026-06-08 22:29:13]: Downloading: /platform/memories/memories/17381823
[2026-06-08 22:29:13]: Status code: 200
[2026-06-08 22:29:13]: Downloading: /platform/memories/memories/23523026
[2026-06-08 22:29:13]: Status code: 200
[2026-06-08 22:29:13]: Downloading: /platform/memories/memories/118522380
[2026-06-08 22:29:13]: Status code: 200
[2026-06-08 22:29:13]: Downloading: /platform/memories/memories/126867761
[2026-06-08 22:29:14]: Status code: 200
[2026-06-08 22:29:14]: Downloading: /platform/tree/persons/LV1G-W6S/sources
[2026-06-08 22:29:14]: Status code: 200
[2026-06-08 22:29:14]: Downloading: /platform/memories/memories/17380230
[2026-06-08 22:29:15]: Status code: 200
[2026-06-08 22:29:15]: Downloading: /platform/memories/memories/86578289
[2026-06-08 22:29:15]: Status code: 200
[2026-06-08 22:29:15]: Downloading: /platform/tree/persons/LKVX-CYL/sources
[2026-06-08 22:29:16]: Status code: 200
[2026-06-08 22:29:16]: Downloading: /platform/memories/memories/98027159
[2026-06-08 22:29:16]: Status code: 200
[2026-06-08 22:29:16]: Downloading: /platform/tree/persons/9SN8-TC6/sources
[2026-06-08 22:29:17]: Status code: 200
[2026-06-08 22:29:17]: Downloading: /platform/memories/memories/78626823
[2026-06-08 22:29:17]: Status code: 200
[2026-06-08 22:29:17]: Downloading: /platform/memories/memories/126859530
[2026-06-08 22:29:18]: Status code: 200
[2026-06-08 22:29:18]: Downloading: /platform/memories/memories/56615115
[2026-06-08 22:29:18]: Status code: 200
[2026-06-08 22:29:18]: Downloading: /platform/memories/memories/166654546
[2026-06-08 22:29:19]: Status code: 200
[2026-06-08 22:29:19]: Downloading: /platform/memories/memories/20830307
[2026-06-08 22:29:19]: Status code: 200
[2026-06-08 22:29:19]: Downloading: /platform/tree/persons/LBWY-X9K/sources
[2026-06-08 22:29:20]: Status code: 200
[2026-06-08 22:29:20]: Downloading: /platform/memories/memories/117956141
[2026-06-08 22:29:21]: Status code: 200
[2026-06-08 22:29:21]: Downloading: /platform/memories/memories/129116193
[2026-06-08 22:29:21]: Status code: 200
[2026-06-08 22:29:21]: Downloading: /platform/memories/memories/134782170
[2026-06-08 22:29:21]: Status code: 200
[2026-06-08 22:29:21]: Downloading: /platform/memories/memories/191904290
[2026-06-08 22:29:22]: Status code: 200
[2026-06-08 22:29:22]: Downloading: /platform/memories/memories/86578288
[2026-06-08 22:29:22]: Status code: 200
[2026-06-08 22:29:22]: Downloading: /platform/tree/persons/GYT4-NQN/sources
[2026-06-08 22:29:23]: Status code: 200
[2026-06-08 22:29:23]: Downloading: /platform/memories/memories/188170665
[2026-06-08 22:29:23]: Status code: 200
[2026-06-08 22:29:23]: Downloading: /platform/memories/memories/215271536
[2026-06-08 22:29:24]: Status code: 200
[2026-06-08 22:29:24]: Downloading: /platform/memories/memories/98026970
[2026-06-08 22:29:24]: Status code: 200
[2026-06-08 22:29:24]: Downloading: /platform/memories/memories/158352675
[2026-06-08 22:29:25]: Status code: 200
[2026-06-08 22:29:25]: Downloading: /platform/memories/memories/129116192
[2026-06-08 22:29:25]: Status code: 200
[2026-06-08 22:29:25]: Downloading: /platform/memories/memories/132948909
[2026-06-08 22:29:26]: Status code: 403
[2026-06-08 22:29:26]: HTTPError
[2026-06-08 22:29:26]: WARNING: code 403 from /platform/memories/memories/191904290 Failure in upstream call: Unable to read artifact description. (upstream 403)
[2026-06-08 22:29:26]: Downloading: /platform/memories/memories/230348974
[2026-06-08 22:29:26]: Status code: 200
[2026-06-08 22:29:26]: Downloading: /platform/tree/persons/L4JG-93X/sources
[2026-06-08 22:29:27]: Status code: 200
[2026-06-08 22:29:27]: Downloading: /platform/memories/memories/237656700
[2026-06-08 22:29:27]: Status code: 200
[2026-06-08 22:29:27]: Downloading: /platform/memories/memories/129116191
[2026-06-08 22:29:28]: Status code: 200
[2026-06-08 22:29:28]: Downloading: /platform/memories/memories/216468702
[2026-06-08 22:29:28]: Status code: 200
[2026-06-08 22:29:28]: Downloading: /platform/memories/memories/117955605
[2026-06-08 22:29:29]: Status code: 200
[2026-06-08 22:29:29]: Downloading: /platform/memories/memories/150375320
[2026-06-08 22:29:29]: Status code: 200
[2026-06-08 22:29:29]: Downloading: /platform/memories/memories/126834863
[2026-06-08 22:29:30]: Status code: 200
[2026-06-08 22:29:30]: Downloading: /platform/memories/memories/241224048
[2026-06-08 22:29:30]: Status code: 200
[2026-06-08 22:29:30]: Downloading: /platform/memories/memories/155154258
[2026-06-08 22:29:31]: Status code: 200
[2026-06-08 22:29:31]: Downloading: /platform/memories/memories/98026493
[2026-06-08 22:29:31]: Status code: 200
[2026-06-08 22:29:31]: Downloading: /platform/memories/memories/180679020
[2026-06-08 22:29:32]: Status code: 200
[2026-06-08 22:29:32]: Downloading: /platform/memories/memories/188170640
[2026-06-08 22:29:32]: Status code: 200
[2026-06-08 22:29:32]: Downloading: /platform/memories/memories/117948890
[2026-06-08 22:29:33]: Status code: 200
[2026-06-08 22:29:33]: Downloading: /platform/memories/memories/37855692
[2026-06-08 22:29:33]: Status code: 200
[2026-06-08 22:29:33]: Downloading: /platform/memories/memories/188170606
[2026-06-08 22:29:34]: Status code: 200
[2026-06-08 22:29:34]: Downloading: /platform/memories/memories/86497125
[2026-06-08 22:29:34]: Status code: 200
[2026-06-08 22:29:34]: Downloading: /platform/memories/memories/216481989
[2026-06-08 22:29:35]: Status code: 200
[2026-06-08 22:29:35]: Downloading: /platform/memories/memories/216468604
[2026-06-08 22:29:35]: Status code: 200
[2026-06-08 22:29:35]: Downloading: /platform/memories/memories/100174436
[2026-06-08 22:29:36]: Status code: 200
[2026-06-08 22:29:36]: Downloading: /platform/memories/memories/23978509
[2026-06-08 22:29:36]: Status code: 200
[2026-06-08 22:29:36]: Downloading: /platform/memories/memories/86578284
[2026-06-08 22:29:37]: Status code: 200
[2026-06-08 22:29:37]: Downloading: /platform/memories/memories/100322121
[2026-06-08 22:29:37]: Status code: 200
[2026-06-08 22:29:37]: Downloading: /platform/memories/memories/115973070
[2026-06-08 22:29:38]: Status code: 200
[2026-06-08 22:29:38]: Downloading: /platform/memories/memories/180678971
[2026-06-08 22:29:38]: Status code: 200
[2026-06-08 22:29:38]: Downloading: /platform/memories/memories/33694821
[2026-06-08 22:29:39]: Status code: 200
[2026-06-08 22:29:39]: Downloading: /platform/memories/memories/205521572
[2026-06-08 22:29:39]: Status code: 200
[2026-06-08 22:29:39]: Downloading: /platform/memories/memories/33694826
[2026-06-08 22:29:40]: Status code: 200
[2026-06-08 22:29:40]: Downloading: /platform/tree/persons/LYSS-LKS/sources
[2026-06-08 22:29:40]: Status code: 200
[2026-06-08 22:29:40]: Downloading: /platform/memories/memories/95650175
[2026-06-08 22:29:41]: Status code: 200
[2026-06-08 22:29:41]: Downloading: /platform/memories/memories/117936663
[2026-06-08 22:29:41]: Status code: 200
[2026-06-08 22:29:41]: Downloading: /platform/memories/memories/185472038
[2026-06-08 22:29:42]: Status code: 200
[2026-06-08 22:29:42]: Downloading: /platform/memories/memories/117956141
[2026-06-08 22:29:42]: Status code: 200
[2026-06-08 22:29:42]: Downloading: /platform/memories/memories/115972697
[2026-06-08 22:29:43]: Status code: 200
[2026-06-08 22:29:43]: Downloading: /platform/tree/persons/L8BB-56R/sources
[2026-06-08 22:29:43]: Status code: 200
[2026-06-08 22:29:43]: Downloading: /platform/memories/memories/45125293
[2026-06-08 22:29:44]: Status code: 200
[2026-06-08 22:29:44]: Downloading: /platform/memories/memories/126828912
[2026-06-08 22:29:44]: Status code: 200
[2026-06-08 22:29:44]: Downloading: /platform/tree/persons/LK1X-2HF/sources
[2026-06-08 22:29:45]: Status code: 200
[2026-06-08 22:29:45]: Downloading: /platform/tree/persons/LCRV-L55/sources
[2026-06-08 22:29:45]: Status code: 200
[2026-06-08 22:29:45]: Downloading: /platform/memories/memories/223339431
[2026-06-08 22:29:46]: Status code: 200
[2026-06-08 22:29:46]: Downloading: /platform/memories/memories/130020639
[2026-06-08 22:29:47]: Status code: 200
[2026-06-08 22:29:47]: Downloading: /platform/memories/memories/177344327
[2026-06-08 22:29:47]: Status code: 200
[2026-06-08 22:29:47]: Downloading: /platform/memories/memories/83665324
[2026-06-08 22:29:47]: Status code: 200
[2026-06-08 22:29:47]: Downloading: /platform/memories/memories/118673926
[2026-06-08 22:29:48]: Status code: 200
[2026-06-08 22:29:48]: Downloading: /platform/memories/memories/83665325
[2026-06-08 22:29:49]: Status code: 200
[2026-06-08 22:29:49]: Downloading: /platform/tree/persons/LD27-QF9/sources
[2026-06-08 22:29:49]: Status code: 200
[2026-06-08 22:29:49]: Downloading: /platform/memories/memories/177343210
[2026-06-08 22:29:49]: Status code: 200
[2026-06-08 22:29:49]: Downloading: /platform/memories/memories/205521144
[2026-06-08 22:29:50]: Status code: 200
[2026-06-08 22:29:50]: Downloading: /platform/memories/memories/69087280
[2026-06-08 22:29:50]: Status code: 200
[2026-06-08 22:29:50]: Downloading: /platform/memories/memories/177343197
[2026-06-08 22:29:51]: Status code: 200
[2026-06-08 22:29:51]: Downloading: /platform/memories/memories/98025894
[2026-06-08 22:29:51]: Status code: 200
[2026-06-08 22:29:51]: Downloading: /platform/memories/memories/223835552
[2026-06-08 22:29:52]: Status code: 200
[2026-06-08 22:29:52]: Downloading: /platform/memories/memories/126827696
[2026-06-08 22:29:52]: Status code: 200
[2026-06-08 22:29:52]: Downloading: /platform/tree/persons/M3QV-CTY/sources
[2026-06-08 22:29:53]: Status code: 200
[2026-06-08 22:29:53]: Downloading: /platform/memories/memories/115972672
[2026-06-08 22:29:53]: Status code: 200
[2026-06-08 22:29:53]: Downloading: /platform/tree/persons/M77L-D17/sources
[2026-06-08 22:29:54]: Status code: 200
[2026-06-08 22:29:54]: Downloading: /platform/memories/memories/32436788
[2026-06-08 22:29:54]: Status code: 200
[2026-06-08 22:29:54]: Downloading: /platform/memories/memories/117969011
[2026-06-08 22:29:55]: Status code: 200
[2026-06-08 22:29:55]: Downloading: /platform/memories/memories/117931335
[2026-06-08 22:29:56]: Status code: 200
[2026-06-08 22:29:56]: Downloading: /platform/memories/memories/239017409
[2026-06-08 22:29:56]: Status code: 200
[2026-06-08 22:29:56]: Downloading: /platform/memories/memories/83665329
[2026-06-08 22:29:56]: Status code: 200
[2026-06-08 22:29:56]: Downloading: /platform/memories/memories/97996663
[2026-06-08 22:29:57]: Status code: 200
[2026-06-08 22:29:57]: Downloading: /platform/memories/memories/72630377
[2026-06-08 22:29:57]: Status code: 200
[2026-06-08 22:29:57]: Downloading: /platform/memories/memories/19282433
[2026-06-08 22:29:58]: Status code: 200
[2026-06-08 22:29:58]: Status code: 200
[2026-06-08 22:29:58]: Downloading: /platform/memories/memories/191396488
[2026-06-08 22:29:58]: Downloading: /platform/memories/memories/97952408
[2026-06-08 22:29:59]: Status code: 200
[2026-06-08 22:29:59]: Downloading: /platform/tree/persons/G2Z5-6V4/sources
[2026-06-08 22:29:59]: Status code: 200
[2026-06-08 22:29:59]: Downloading: /platform/tree/persons/LB91-V89/sources
[2026-06-08 22:30:00]: Status code: 200
[2026-06-08 22:30:00]: Downloading: /platform/tree/persons/LBHM-ZND/sources
[2026-06-08 22:30:00]: Status code: 200
[2026-06-08 22:30:00]: Downloading: /platform/memories/memories/199074668
[2026-06-08 22:30:01]: Status code: 200
[2026-06-08 22:30:01]: Downloading: /platform/memories/memories/117929956
[2026-06-08 22:30:01]: Status code: 200
[2026-06-08 22:30:01]: Downloading: /platform/memories/memories/204355903
[2026-06-08 22:30:02]: Status code: 200
[2026-06-08 22:30:02]: Downloading: /platform/tree/persons/2WHV-QNQ/sources
[2026-06-08 22:30:02]: Status code: 200
[2026-06-08 22:30:02]: Downloading: /platform/memories/memories/117927534
[2026-06-08 22:30:03]: Status code: 200
[2026-06-08 22:30:03]: Downloading: /platform/memories/memories/216478064
[2026-06-08 22:30:03]: Status code: 200
[2026-06-08 22:30:03]: Downloading: /platform/memories/memories/117948890
[2026-06-08 22:30:04]: Status code: 200
[2026-06-08 22:30:04]: Downloading: /platform/memories/memories/118673982
[2026-06-08 22:30:04]: Status code: 200
[2026-06-08 22:30:04]: Downloading: /platform/tree/persons/LHNB-M5Z/sources
[2026-06-08 22:30:05]: Status code: 200
[2026-06-08 22:30:05]: Status code: 200
[2026-06-08 22:30:05]: Downloading: /platform/memories/memories/204355896
[2026-06-08 22:30:05]: Downloading: /platform/memories/memories/184419103
[2026-06-08 22:30:06]: Status code: 200
[2026-06-08 22:30:06]: Downloading: /platform/memories/memories/83665332
[2026-06-08 22:30:06]: Status code: 200
[2026-06-08 22:30:06]: Downloading: /platform/memories/memories/118673983
[2026-06-08 22:30:07]: Status code: 200
[2026-06-08 22:30:07]: Status code: 200
[2026-06-08 22:30:07]: Downloading: /platform/memories/memories/111249302
[2026-06-08 22:30:07]: Downloading: /platform/memories/memories/83665333
[2026-06-08 22:30:08]: Status code: 200
[2026-06-08 22:30:08]: Downloading: /platform/memories/memories/33076930
[2026-06-08 22:30:08]: Status code: 200
[2026-06-08 22:30:08]: Downloading: /platform/memories/memories/27802672
[2026-06-08 22:30:09]: Status code: 200
[2026-06-08 22:30:09]: Status code: 200
[2026-06-08 22:30:09]: Downloading: /platform/memories/memories/97948309
[2026-06-08 22:30:09]: Downloading: /platform/memories/memories/111248153
[2026-06-08 22:30:10]: Status code: 200
[2026-06-08 22:30:10]: Downloading: /platform/memories/memories/27421945
[2026-06-08 22:30:10]: Status code: 200
[2026-06-08 22:30:10]: Downloading: /platform/memories/memories/146038059
[2026-06-08 22:30:11]: Status code: 200
[2026-06-08 22:30:11]: Downloading: /platform/memories/memories/216468702
[2026-06-08 22:30:11]: Status code: 200
[2026-06-08 22:30:11]: Downloading: /platform/memories/memories/64553656
[2026-06-08 22:30:12]: Status code: 200
[2026-06-08 22:30:12]: Downloading: /platform/memories/memories/5118168
[2026-06-08 22:30:12]: Status code: 200
[2026-06-08 22:30:12]: Downloading: /platform/memories/memories/200447317
[2026-06-08 22:30:13]: Status code: 200
[2026-06-08 22:30:13]: Downloading: /platform/memories/memories/146032539
[2026-06-08 22:30:14]: Status code: 200
[2026-06-08 22:30:14]: Downloading: /platform/memories/memories/91249973
[2026-06-08 22:30:14]: Status code: 200
[2026-06-08 22:30:14]: Downloading: /platform/memories/memories/184419031
[2026-06-08 22:30:14]: Status code: 200
[2026-06-08 22:30:14]: Downloading: /platform/memories/memories/135843717
[2026-06-08 22:30:15]: Status code: 200
[2026-06-08 22:30:15]: Downloading: /platform/memories/memories/112150355
[2026-06-08 22:30:15]: Status code: 200
[2026-06-08 22:30:15]: Downloading: /platform/memories/memories/117911764
[2026-06-08 22:30:16]: Status code: 200
[2026-06-08 22:30:16]: Downloading: /platform/memories/memories/117929956
[2026-06-08 22:30:16]: Status code: 200
[2026-06-08 22:30:16]: Downloading: /platform/memories/memories/120628142
[2026-06-08 22:30:17]: Status code: 200
[2026-06-08 22:30:17]: Status code: 200
[2026-06-08 22:30:17]: Downloading: /platform/tree/persons/LCJ1-QBV/sources
[2026-06-08 22:30:17]: Downloading: /platform/memories/memories/179488910
[2026-06-08 22:30:18]: Status code: 200
[2026-06-08 22:30:18]: Downloading: /platform/memories/memories/120628141
[2026-06-08 22:30:18]: Status code: 200
[2026-06-08 22:30:18]: Downloading: /platform/tree/persons/KNQJ-91G/sources
[2026-06-08 22:30:19]: Status code: 200
[2026-06-08 22:30:19]: Downloading: /platform/memories/memories/51364608
[2026-06-08 22:30:19]: Status code: 200
[2026-06-08 22:30:19]: Downloading: /platform/memories/memories/168157795
[2026-06-08 22:30:20]: Status code: 200
[2026-06-08 22:30:20]: Downloading: /platform/memories/memories/135842813
[2026-06-08 22:30:20]: Status code: 200
[2026-06-08 22:30:20]: Downloading: /platform/memories/memories/51350451
[2026-06-08 22:30:21]: Status code: 200
[2026-06-08 22:30:21]: Downloading: /platform/memories/memories/216468604
[2026-06-08 22:30:21]: Status code: 200
[2026-06-08 22:30:21]: Downloading: /platform/memories/memories/147909459
[2026-06-08 22:30:22]: Status code: 200
[2026-06-08 22:30:22]: Downloading: /platform/memories/memories/27676661
[2026-06-08 22:30:22]: Status code: 200
[2026-06-08 22:30:22]: Downloading: /platform/memories/memories/117895212
[2026-06-08 22:30:23]: Status code: 200
[2026-06-08 22:30:23]: Downloading: /platform/memories/memories/27802672
[2026-06-08 22:30:23]: Status code: 200
[2026-06-08 22:30:23]: Downloading: /platform/tree/persons/LB7H-SK9/sources
[2026-06-08 22:30:24]: Status code: 200
[2026-06-08 22:30:24]: Downloading: /platform/memories/memories/62903229
[2026-06-08 22:30:25]: Status code: 200
[2026-06-08 22:30:25]: Downloading: /platform/memories/memories/116489894
[2026-06-08 22:30:25]: Status code: 200
[2026-06-08 22:30:25]: Downloading: /platform/memories/memories/135842701
[2026-06-08 22:30:25]: Status code: 200
[2026-06-08 22:30:25]: Downloading: /platform/memories/memories/62903089
[2026-06-08 22:30:26]: Status code: 200
[2026-06-08 22:30:26]: Downloading: /platform/tree/persons/GZMQ-MV1/sources
[2026-06-08 22:30:26]: Status code: 200
[2026-06-08 22:30:26]: Downloading: /platform/memories/memories/164811885
[2026-06-08 22:30:27]: Status code: 200
[2026-06-08 22:30:27]: Downloading: /platform/memories/memories/128944789
[2026-06-08 22:30:27]: Status code: 200
[2026-06-08 22:30:27]: Downloading: /platform/memories/memories/62902939
[2026-06-08 22:30:28]: Status code: 200
[2026-06-08 22:30:28]: Downloading: /platform/memories/memories/119176904
[2026-06-08 22:30:28]: Status code: 200
[2026-06-08 22:30:28]: Downloading: /platform/memories/memories/113834126
[2026-06-08 22:30:29]: Status code: 200
[2026-06-08 22:30:29]: Downloading: /platform/tree/persons/LD1B-VHT/sources
[2026-06-08 22:30:29]: Status code: 200
[2026-06-08 22:30:29]: Downloading: /platform/tree/persons/L63K-CND/sources
[2026-06-08 22:30:30]: Status code: 200
[2026-06-08 22:30:30]: Downloading: /platform/memories/memories/119176924
[2026-06-08 22:30:30]: Status code: 200
[2026-06-08 22:30:30]: Downloading: /platform/memories/memories/219763277
[2026-06-08 22:30:31]: Status code: 200
[2026-06-08 22:30:31]: Downloading: /platform/memories/memories/219824627
[2026-06-08 22:30:31]: Status code: 200
[2026-06-08 22:30:31]: Downloading: /platform/memories/memories/117875567
[2026-06-08 22:30:32]: Status code: 200
[2026-06-08 22:30:32]: Downloading: /platform/memories/memories/119176939
[2026-06-08 22:30:33]: Status code: 200
[2026-06-08 22:30:33]: Downloading: /platform/memories/memories/30875056
[2026-06-08 22:30:33]: Status code: 200
[2026-06-08 22:30:33]: Downloading: /platform/memories/memories/236708024
[2026-06-08 22:30:33]: Status code: 200
[2026-06-08 22:30:33]: Downloading: /platform/memories/memories/11197818
[2026-06-08 22:30:34]: Status code: 200
[2026-06-08 22:30:34]: Downloading: /platform/memories/memories/57628418
[2026-06-08 22:30:34]: Status code: 200
[2026-06-08 22:30:34]: Downloading: /platform/tree/persons/LZDS-8M8/sources
[2026-06-08 22:30:35]: Status code: 200
[2026-06-08 22:30:35]: Downloading: /platform/memories/memories/102195434
[2026-06-08 22:30:35]: Status code: 200
[2026-06-08 22:30:35]: Downloading: /platform/memories/memories/119176948
[2026-06-08 22:30:36]: Status code: 200
[2026-06-08 22:30:36]: Downloading: /platform/memories/memories/85594844
[2026-06-08 22:30:37]: Status code: 200
[2026-06-08 22:30:37]: Downloading: /platform/memories/memories/100174436
[2026-06-08 22:30:37]: Status code: 200
[2026-06-08 22:30:37]: Downloading: /platform/memories/memories/66994377
[2026-06-08 22:30:37]: Status code: 200
[2026-06-08 22:30:37]: Downloading: /platform/memories/memories/33849578
[2026-06-08 22:30:38]: Status code: 200
[2026-06-08 22:30:38]: Downloading: /platform/memories/memories/161346488
[2026-06-08 22:30:38]: Status code: 200
[2026-06-08 22:30:38]: Downloading: /platform/memories/memories/55829540
[2026-06-08 22:30:39]: Status code: 200
[2026-06-08 22:30:39]: Downloading: /platform/memories/memories/97294848
[2026-06-08 22:30:39]: Status code: 200
[2026-06-08 22:30:39]: Downloading: /platform/memories/memories/85593580
[2026-06-08 22:30:40]: Status code: 200
[2026-06-08 22:30:40]: Downloading: /platform/memories/memories/7850163
[2026-06-08 22:30:40]: Status code: 200
[2026-06-08 22:30:40]: Downloading: /platform/tree/persons/GGR4-4X6/sources
[2026-06-08 22:30:41]: Status code: 200
[2026-06-08 22:30:41]: Downloading: /platform/memories/memories/57628417
[2026-06-08 22:30:41]: Status code: 200
[2026-06-08 22:30:41]: Downloading: /platform/memories/memories/117927534
[2026-06-08 22:30:42]: Status code: 200
[2026-06-08 22:30:42]: Downloading: /platform/memories/memories/55829431
[2026-06-08 22:30:42]: Status code: 200
[2026-06-08 22:30:42]: Downloading: /platform/memories/memories/37794906
[2026-06-08 22:30:43]: Status code: 200
[2026-06-08 22:30:43]: Downloading: /platform/memories/memories/53298659
[2026-06-08 22:30:43]: Status code: 200
[2026-06-08 22:30:43]: Downloading: /platform/memories/memories/99479962
[2026-06-08 22:30:44]: Status code: 200
[2026-06-08 22:30:44]: Downloading: /platform/tree/persons/LZ6Z-M34/sources
[2026-06-08 22:30:45]: Status code: 200
[2026-06-08 22:30:45]: Downloading: /platform/tree/persons/LH51-SX9/sources
[2026-06-08 22:30:45]: Status code: 200
[2026-06-08 22:30:45]: Downloading: /platform/memories/memories/151438835
[2026-06-08 22:30:45]: Status code: 200
[2026-06-08 22:30:45]: Downloading: /platform/memories/memories/219824625
[2026-06-08 22:30:46]: Status code: 200
[2026-06-08 22:30:46]: Downloading: /platform/memories/memories/57901798
[2026-06-08 22:30:46]: Status code: 200
[2026-06-08 22:30:46]: Downloading: /platform/memories/memories/117544026
[2026-06-08 22:30:47]: Status code: 200
[2026-06-08 22:30:47]: Downloading: /platform/memories/memories/117895212
[2026-06-08 22:30:47]: Status code: 200
[2026-06-08 22:30:47]: Downloading: /platform/memories/memories/103455002
[2026-06-08 22:30:48]: Status code: 200
[2026-06-08 22:30:48]: Downloading: /platform/memories/memories/108267205
[2026-06-08 22:30:48]: Status code: 200
[2026-06-08 22:30:48]: Downloading: /platform/memories/memories/97290493
[2026-06-08 22:30:49]: Status code: 200
[2026-06-08 22:30:49]: Downloading: /platform/memories/memories/99474476
[2026-06-08 22:30:49]: Status code: 200
[2026-06-08 22:30:49]: Downloading: /platform/memories/memories/113834126
[2026-06-08 22:30:50]: Status code: 200
[2026-06-08 22:30:50]: Status code: 200
[2026-06-08 22:30:50]: Downloading: /platform/memories/memories/117875567
[2026-06-08 22:30:50]: Downloading: /platform/memories/memories/95248715
[2026-06-08 22:30:51]: Status code: 200
[2026-06-08 22:30:51]: Downloading: /platform/memories/memories/99474476
[2026-06-08 22:30:51]: Status code: 200
[2026-06-08 22:30:51]: Downloading: /platform/memories/memories/95248715
[2026-06-08 22:30:52]: Status code: 200
[2026-06-08 22:30:52]: Downloading: /platform/memories/memories/219824622
[2026-06-08 22:30:52]: Status code: 200
[2026-06-08 22:30:52]: Downloading: /platform/memories/memories/57901686
[2026-06-08 22:30:53]: Status code: 200
[2026-06-08 22:30:53]: Downloading: /platform/memories/memories/85594844
[2026-06-08 22:30:54]: Status code: 200
[2026-06-08 22:30:54]: Downloading: /platform/memories/memories/189105594
[2026-06-08 22:30:54]: Status code: 200
[2026-06-08 22:30:54]: Status code: 200
[2026-06-08 22:30:54]: Downloading: /platform/memories/memories/57901483
[2026-06-08 22:30:54]: Downloading: /platform/tree/persons/L5YG-7VD/sources
[2026-06-08 22:30:55]: Status code: 200
[2026-06-08 22:30:55]: Downloading: /platform/tree/persons/LCRJ-71W/sources
[2026-06-08 22:30:55]: Status code: 200
[2026-06-08 22:30:55]: Downloading: /platform/memories/memories/97289839
[2026-06-08 22:30:57]: Status code: 200
[2026-06-08 22:30:57]: Downloading: /platform/memories/memories/212205765
[2026-06-08 22:30:57]: Status code: 200
[2026-06-08 22:30:57]: Downloading: /platform/memories/memories/171919907
[2026-06-08 22:30:57]: Status code: 200
[2026-06-08 22:30:57]: Downloading: /platform/memories/memories/56617004
[2026-06-08 22:30:57]: Status code: 200
[2026-06-08 22:30:57]: Downloading: /platform/memories/memories/202230586
[2026-06-08 22:30:58]: Status code: 200
[2026-06-08 22:30:58]: Downloading: /platform/memories/memories/218684912
[2026-06-08 22:30:59]: Status code: 200
[2026-06-08 22:30:59]: Downloading: /platform/memories/memories/144941086
[2026-06-08 22:30:59]: Status code: 200
[2026-06-08 22:30:59]: Downloading: /platform/memories/memories/73414311
[2026-06-08 22:30:59]: Status code: 200
[2026-06-08 22:30:59]: Downloading: /platform/memories/memories/85593580
[2026-06-08 22:31:00]: Status code: 200
[2026-06-08 22:31:00]: Downloading: /platform/memories/memories/108858772
[2026-06-08 22:31:00]: Status code: 200
[2026-06-08 22:31:00]: Downloading: /platform/memories/memories/73394943
[2026-06-08 22:31:01]: Status code: 200
[2026-06-08 22:31:01]: Downloading: /platform/memories/memories/19900839
[2026-06-08 22:31:01]: Status code: 200
[2026-06-08 22:31:01]: Downloading: /platform/memories/memories/7849939
[2026-06-08 22:31:02]: Status code: 200
[2026-06-08 22:31:02]: Downloading: /platform/memories/memories/119185886
[2026-06-08 22:31:02]: Status code: 200
[2026-06-08 22:31:02]: Downloading: /platform/tree/persons/LZ6P-HV6/sources
[2026-06-08 22:31:03]: Status code: 200
[2026-06-08 22:31:03]: Downloading: /platform/memories/memories/57901262
[2026-06-08 22:31:03]: Status code: 200
[2026-06-08 22:31:03]: Downloading: /platform/tree/persons/LBHM-D13/sources
[2026-06-08 22:31:04]: Status code: 200
[2026-06-08 22:31:04]: Downloading: /platform/memories/memories/4068676
[2026-06-08 22:31:05]: Status code: 200
[2026-06-08 22:31:05]: Downloading: /platform/memories/memories/219075203
[2026-06-08 22:31:05]: Status code: 200
[2026-06-08 22:31:05]: Downloading: /platform/memories/memories/174512762
[2026-06-08 22:31:05]: Status code: 200
[2026-06-08 22:31:05]: Downloading: /platform/memories/memories/107449722
[2026-06-08 22:31:07]: Status code: 200
[2026-06-08 22:31:07]: Downloading: /platform/memories/memories/88480310
[2026-06-08 22:31:07]: Status code: 200
[2026-06-08 22:31:07]: Downloading: /platform/memories/memories/185474413
[2026-06-08 22:31:07]: Status code: 404
[2026-06-08 22:31:07]: WARNING: /platform/memories/memories/53298659
[2026-06-08 22:31:07]: Downloading: /platform/memories/memories/108849431
[2026-06-08 22:31:08]: Status code: 200
[2026-06-08 22:31:08]: Downloading: /platform/memories/memories/37794854
[2026-06-08 22:31:08]: Status code: 200
[2026-06-08 22:31:08]: Downloading: /platform/memories/memories/57889715
[2026-06-08 22:31:08]: Status code: 200
[2026-06-08 22:31:08]: Downloading: /platform/memories/memories/187662646
[2026-06-08 22:31:09]: Status code: 200
[2026-06-08 22:31:09]: Downloading: /platform/memories/memories/35617608
[2026-06-08 22:31:09]: Status code: 200
[2026-06-08 22:31:09]: Downloading: /platform/memories/memories/119186720
[2026-06-08 22:31:10]: Status code: 200
[2026-06-08 22:31:10]: Downloading: /platform/memories/memories/162632978
[2026-06-08 22:31:10]: Status code: 200
[2026-06-08 22:31:10]: Downloading: /platform/memories/memories/77012821
[2026-06-08 22:31:11]: Status code: 200
[2026-06-08 22:31:11]: Downloading: /platform/memories/memories/88480029
[2026-06-08 22:31:11]: Status code: 200
[2026-06-08 22:31:11]: Downloading: /platform/tree/persons/LZL7-5NT/sources
[2026-06-08 22:31:12]: Status code: 200
[2026-06-08 22:31:12]: Downloading: /platform/memories/memories/120837014
[2026-06-08 22:31:13]: Status code: 200
[2026-06-08 22:31:13]: Downloading: /platform/tree/persons/LHH3-YXT/sources
[2026-06-08 22:31:13]: Status code: 200
[2026-06-08 22:31:13]: Downloading: /platform/memories/memories/73616099
[2026-06-08 22:31:13]: Status code: 200
[2026-06-08 22:31:13]: Downloading: /platform/memories/memories/156523622
[2026-06-08 22:31:14]: Status code: 200
[2026-06-08 22:31:14]: Downloading: /platform/memories/memories/7850156
[2026-06-08 22:31:15]: Status code: 200
[2026-06-08 22:31:15]: Downloading: /platform/memories/memories/152957838
[2026-06-08 22:31:15]: Status code: 200
[2026-06-08 22:31:15]: Downloading: /platform/memories/memories/155843542
[2026-06-08 22:31:15]: Status code: 200
[2026-06-08 22:31:15]: Downloading: /platform/memories/memories/7849935
[2026-06-08 22:31:16]: Status code: 200
[2026-06-08 22:31:16]: Downloading: /platform/memories/memories/219824623
[2026-06-08 22:31:16]: Status code: 200
[2026-06-08 22:31:16]: Downloading: /platform/memories/memories/30147561
[2026-06-08 22:31:17]: Status code: 200
[2026-06-08 22:31:17]: Status code: 200
[2026-06-08 22:31:17]: Downloading: /platform/memories/memories/126242466
[2026-06-08 22:31:17]: Downloading: /platform/memories/memories/57889659
[2026-06-08 22:31:18]: Status code: 200
[2026-06-08 22:31:18]: Downloading: /platform/memories/memories/165175049
[2026-06-08 22:31:18]: Status code: 200
[2026-06-08 22:31:18]: Downloading: /platform/memories/memories/219824626
[2026-06-08 22:31:19]: Status code: 200
[2026-06-08 22:31:19]: Downloading: /platform/memories/memories/29517534
[2026-06-08 22:31:19]: Status code: 200
[2026-06-08 22:31:19]: Downloading: /platform/memories/memories/112329485
[2026-06-08 22:31:20]: Status code: 200
[2026-06-08 22:31:20]: Status code: 200
[2026-06-08 22:31:20]: Downloading: /platform/memories/memories/112153464
[2026-06-08 22:31:20]: Downloading: /platform/tree/persons/LKLY-K3K/sources
[2026-06-08 22:31:21]: Status code: 200
[2026-06-08 22:31:21]: Downloading: /platform/tree/persons/L8WG-ZWV/sources
[2026-06-08 22:31:21]: Status code: 200
[2026-06-08 22:31:21]: Downloading: /platform/memories/memories/56616686
[2026-06-08 22:31:22]: Status code: 200
[2026-06-08 22:31:22]: Downloading: /platform/memories/memories/112153390
[2026-06-08 22:31:22]: Status code: 200
[2026-06-08 22:31:22]: Downloading: /platform/memories/memories/57628416
[2026-06-08 22:31:23]: Status code: 200
[2026-06-08 22:31:23]: Downloading: /platform/memories/memories/57525106
[2026-06-08 22:31:23]: Status code: 200
[2026-06-08 22:31:23]: Downloading: /platform/tree/persons/GYTW-TB6/sources
[2026-06-08 22:31:24]: Status code: 200
[2026-06-08 22:31:24]: Downloading: /platform/memories/memories/219824624
[2026-06-08 22:31:25]: Status code: 200
[2026-06-08 22:31:25]: Downloading: /platform/memories/memories/105882336
[2026-06-08 22:31:25]: Status code: 200
[2026-06-08 22:31:25]: Downloading: /platform/memories/memories/219824600
[2026-06-08 22:31:25]: Status code: 200
[2026-06-08 22:31:25]: Downloading: /platform/memories/memories/56616054
[2026-06-08 22:31:26]: Status code: 200
[2026-06-08 22:31:26]: Downloading: /platform/memories/memories/57525071
[2026-06-08 22:31:27]: Status code: 200
[2026-06-08 22:31:27]: Downloading: /platform/memories/memories/11221391
[2026-06-08 22:31:27]: Status code: 200
[2026-06-08 22:31:27]: Downloading: /platform/memories/memories/56615654
[2026-06-08 22:31:27]: Status code: 200
[2026-06-08 22:31:27]: Downloading: /platform/memories/memories/112101612
[2026-06-08 22:31:28]: Status code: 200
[2026-06-08 22:31:28]: Downloading: /platform/memories/memories/190918636
[2026-06-08 22:31:28]: Status code: 200
[2026-06-08 22:31:28]: Downloading: /platform/memories/memories/12515433
[2026-06-08 22:31:29]: Status code: 200
[2026-06-08 22:31:29]: Downloading: /platform/memories/memories/29527730
[2026-06-08 22:31:29]: Status code: 200
[2026-06-08 22:31:29]: Downloading: /platform/memories/memories/93541500
[2026-06-08 22:31:30]: Status code: 200
[2026-06-08 22:31:30]: Downloading: /platform/memories/memories/57525050
[2026-06-08 22:31:30]: Status code: 200
[2026-06-08 22:31:30]: Downloading: /platform/memories/memories/24038099
[2026-06-08 22:31:31]: Status code: 200
[2026-06-08 22:31:31]: Downloading: /platform/memories/memories/57628415
[2026-06-08 22:31:31]: Status code: 200
[2026-06-08 22:31:31]: Downloading: /platform/tree/persons/LC57-QHX/sources
[2026-06-08 22:31:32]: Status code: 200
[2026-06-08 22:31:32]: Downloading: /platform/memories/memories/24013853
[2026-06-08 22:31:32]: Status code: 200
[2026-06-08 22:31:32]: Downloading: /platform/memories/memories/200746402
[2026-06-08 22:31:33]: Status code: 200
[2026-06-08 22:31:33]: Downloading: /platform/memories/memories/198721250
[2026-06-08 22:31:34]: Status code: 200
[2026-06-08 22:31:34]: Downloading: /platform/memories/memories/86491577
[2026-06-08 22:31:34]: Status code: 200
[2026-06-08 22:31:34]: Downloading: /platform/memories/memories/198720383
[2026-06-08 22:31:34]: Status code: 200
[2026-06-08 22:31:34]: Downloading: /platform/tree/persons/M1JD-3HF/sources
[2026-06-08 22:31:35]: Status code: 200
[2026-06-08 22:31:35]: Downloading: /platform/tree/persons/LKKM-JCV/sources
[2026-06-08 22:31:35]: Status code: 200
[2026-06-08 22:31:35]: Downloading: /platform/memories/memories/57525045
[2026-06-08 22:31:36]: Status code: 200
[2026-06-08 22:31:36]: Downloading: /platform/memories/memories/129083862
[2026-06-08 22:31:36]: Status code: 200
[2026-06-08 22:31:36]: Downloading: /platform/memories/memories/186474413
[2026-06-08 22:31:37]: Status code: 200
[2026-06-08 22:31:37]: Downloading: /platform/tree/persons/LZL7-1Q1/sources
[2026-06-08 22:31:37]: Status code: 200
[2026-06-08 22:31:37]: Downloading: /platform/memories/memories/57525036
[2026-06-08 22:31:38]: Status code: 200
[2026-06-08 22:31:38]: Downloading: /platform/memories/memories/129117018
[2026-06-08 22:31:38]: Status code: 200
[2026-06-08 22:31:38]: Downloading: /platform/tree/persons/L5XK-W3V/sources
[2026-06-08 22:31:39]: Status code: 200
[2026-06-08 22:31:39]: Downloading: /platform/memories/memories/219824596
[2026-06-08 22:31:39]: Status code: 200
[2026-06-08 22:31:39]: Downloading: /platform/memories/memories/98983838
[2026-06-08 22:31:40]: Status code: 200
[2026-06-08 22:31:40]: Downloading: /platform/memories/memories/219824598
[2026-06-08 22:31:40]: Status code: 200
[2026-06-08 22:31:40]: Downloading: /platform/memories/memories/20538715
[2026-06-08 22:31:41]: Status code: 200
[2026-06-08 22:31:41]: Downloading: /platform/memories/memories/523027
[2026-06-08 22:31:41]: Status code: 200
[2026-06-08 22:31:41]: Downloading: /platform/memories/memories/55829307
[2026-06-08 22:31:43]: Status code: 200
[2026-06-08 22:31:43]: Downloading: /platform/memories/memories/173187566
[2026-06-08 22:31:43]: Status code: 200
[2026-06-08 22:31:43]: Downloading: /platform/memories/memories/212205765
[2026-06-08 22:31:43]: Status code: 200
[2026-06-08 22:31:43]: Status code: 200
[2026-06-08 22:31:43]: Downloading: /platform/memories/memories/163335533
[2026-06-08 22:31:43]: Downloading: /platform/tree/persons/L4TH-4BM/sources
[2026-06-08 22:31:44]: Status code: 200
[2026-06-08 22:31:44]: Downloading: /platform/memories/memories/108842882
[2026-06-08 22:31:45]: Status code: 200
[2026-06-08 22:31:45]: Downloading: /platform/memories/memories/215491788
[2026-06-08 22:31:45]: Status code: 200
[2026-06-08 22:31:45]: Downloading: /platform/memories/memories/218705948
[2026-06-08 22:31:45]: Status code: 200
[2026-06-08 22:31:45]: Downloading: /platform/memories/memories/96216524
[2026-06-08 22:31:46]: Status code: 200
[2026-06-08 22:31:46]: Downloading: /platform/tree/persons/LZ2B-XKG/sources
[2026-06-08 22:31:47]: Status code: 200
[2026-06-08 22:31:47]: Downloading: /platform/memories/memories/197073488
[2026-06-08 22:31:47]: Status code: 200
[2026-06-08 22:31:47]: Downloading: /platform/memories/memories/4893808
[2026-06-08 22:31:47]: Status code: 200
[2026-06-08 22:31:47]: Downloading: /platform/memories/memories/15749515
[2026-06-08 22:31:48]: Status code: 200
[2026-06-08 22:31:48]: Status code: 200
[2026-06-08 22:31:48]: Downloading: /platform/memories/memories/201899901
[2026-06-08 22:31:48]: Downloading: /platform/memories/memories/47017087
[2026-06-08 22:31:49]: Status code: 200
[2026-06-08 22:31:49]: Downloading: /platform/memories/memories/648045
[2026-06-08 22:31:49]: Status code: 200
[2026-06-08 22:31:49]: Downloading: /platform/memories/memories/203994575
[2026-06-08 22:31:50]: Status code: 404
[2026-06-08 22:31:50]: WARNING: /platform/memories/memories/203994575
[2026-06-08 22:31:50]: Downloading: /platform/memories/memories/197073488
[2026-06-08 22:31:50]: Status code: 200
[2026-06-08 22:31:50]: Downloading: /platform/memories/memories/57525016
[2026-06-08 22:31:51]: Status code: 200
[2026-06-08 22:31:51]: Status code: 200
[2026-06-08 22:31:51]: Downloading: /platform/memories/memories/240492368
[2026-06-08 22:31:51]: Downloading: /platform/memories/memories/15939993
[2026-06-08 22:31:52]: Status code: 200
[2026-06-08 22:31:52]: Downloading: /platform/memories/memories/108666950
[2026-06-08 22:31:52]: Status code: 200
[2026-06-08 22:31:52]: Downloading: /platform/memories/memories/55829162
[2026-06-08 22:31:53]: Status code: 404
[2026-06-08 22:31:53]: WARNING: /platform/memories/memories/197073488
[2026-06-08 22:31:53]: Downloading: /platform/memories/memories/114637073
[2026-06-08 22:31:53]: Status code: 200
[2026-06-08 22:31:53]: Downloading: /platform/tree/persons/LZ8C-QVG/sources
[2026-06-08 22:31:54]: Status code: 200
[2026-06-08 22:31:54]: Downloading: /platform/memories/memories/240492170
[2026-06-08 22:31:54]: Status code: 200
[2026-06-08 22:31:54]: Downloading: /platform/memories/memories/114637074
[2026-06-08 22:31:55]: Status code: 200
[2026-06-08 22:31:55]: Downloading: /platform/memories/memories/43718566
[2026-06-08 22:31:55]: Status code: 200
[2026-06-08 22:31:55]: Downloading: /platform/memories/memories/163335534
[2026-06-08 22:31:56]: Status code: 200
[2026-06-08 22:31:56]: Downloading: /platform/memories/memories/41264724
[2026-06-08 22:31:56]: Status code: 200
[2026-06-08 22:31:56]: Downloading: /platform/memories/memories/240491771
[2026-06-08 22:31:57]: Status code: 200
[2026-06-08 22:31:57]: Downloading: /platform/memories/memories/39706287
[2026-06-08 22:31:57]: Status code: 200
[2026-06-08 22:31:57]: Downloading: /platform/memories/memories/47017060
[2026-06-08 22:31:58]: Status code: 200
[2026-06-08 22:31:58]: Downloading: /platform/memories/memories/47017038
[2026-06-08 22:31:58]: Status code: 200
[2026-06-08 22:31:58]: Downloading: /platform/memories/memories/15331460
[2026-06-08 22:31:59]: Status code: 200
[2026-06-08 22:31:59]: Downloading: /platform/memories/memories/55829107
[2026-06-08 22:31:59]: Status code: 200
[2026-06-08 22:31:59]: Downloading: /platform/memories/memories/57525002
[2026-06-08 22:32:00]: Status code: 200
[2026-06-08 22:32:00]: Downloading: /platform/memories/memories/92220189
[2026-06-08 22:32:00]: Status code: 200
[2026-06-08 22:32:00]: Downloading: /platform/memories/memories/98217137
[2026-06-08 22:32:02]: Status code: 200
[2026-06-08 22:32:02]: Status code: 200
[2026-06-08 22:32:02]: Downloading: /platform/tree/persons/MJ8L-4ZL/sources
[2026-06-08 22:32:02]: Downloading: /platform/memories/memories/98217135
[2026-06-08 22:32:02]: Status code: 200
[2026-06-08 22:32:02]: Downloading: /platform/memories/memories/34622941
[2026-06-08 22:32:03]: Status code: 200
[2026-06-08 22:32:03]: Downloading: /platform/memories/memories/2904864
[2026-06-08 22:32:03]: Status code: 200
[2026-06-08 22:32:03]: Downloading: /platform/memories/memories/7739980
[2026-06-08 22:32:03]: Status code: 200
[2026-06-08 22:32:03]: Downloading: /platform/memories/memories/8724951
[2026-06-08 22:32:04]: Status code: 200
[2026-06-08 22:32:04]: Downloading: /platform/memories/memories/97219391
[2026-06-08 22:32:05]: Status code: 200
[2026-06-08 22:32:05]: Downloading: /platform/tree/persons/LYCV-ZNQ/sources
[2026-06-08 22:32:05]: Status code: 200
[2026-06-08 22:32:05]: Downloading: /platform/memories/memories/25687905
[2026-06-08 22:32:06]: Status code: 200
[2026-06-08 22:32:06]: Downloading: /platform/tree/persons/GSHY-LTD/sources
[2026-06-08 22:32:06]: Status code: 404
[2026-06-08 22:32:06]: WARNING: /platform/memories/memories/197073488
[2026-06-08 22:32:06]: Downloading: /platform/memories/memories/97219391
[2026-06-08 22:32:07]: Status code: 200
[2026-06-08 22:32:07]: Downloading: /platform/tree/persons/LYXX-BN1/sources
[2026-06-08 22:32:07]: Status code: 200
[2026-06-08 22:32:07]: Downloading: /platform/memories/memories/219075203
[2026-06-08 22:32:07]: Status code: 200
[2026-06-08 22:32:07]: Downloading: /platform/memories/memories/34623183
[2026-06-08 22:32:08]: Status code: 200
[2026-06-08 22:32:08]: Downloading: /platform/memories/memories/199188486
[2026-06-08 22:32:08]: Status code: 200
[2026-06-08 22:32:08]: Downloading: /platform/memories/memories/240491467
[2026-06-08 22:32:09]: Status code: 200
[2026-06-08 22:32:09]: Downloading: /platform/memories/memories/26460605
[2026-06-08 22:32:09]: Status code: 200
[2026-06-08 22:32:09]: Downloading: /platform/tree/persons/9VCY-7G4/sources
[2026-06-08 22:32:10]: Status code: 200
[2026-06-08 22:32:10]: Downloading: /platform/memories/memories/34310089
[2026-06-08 22:32:10]: Status code: 200
[2026-06-08 22:32:10]: Downloading: /platform/memories/memories/187798798
[2026-06-08 22:32:12]: Status code: 200
[2026-06-08 22:32:12]: Downloading: /platform/memories/memories/191890548
[2026-06-08 22:32:12]: Status code: 200
[2026-06-08 22:32:12]: Downloading: /platform/memories/memories/165884057
[2026-06-08 22:32:12]: Status code: 200
[2026-06-08 22:32:12]: Downloading: /platform/memories/memories/207932297
[2026-06-08 22:32:12]: Status code: 200
[2026-06-08 22:32:12]: Downloading: /platform/memories/memories/155837944
[2026-06-08 22:32:13]: Status code: 200
[2026-06-08 22:32:13]: Downloading: /platform/memories/memories/15331321
[2026-06-08 22:32:13]: Status code: 200
[2026-06-08 22:32:13]: Downloading: /platform/memories/memories/155837336
[2026-06-08 22:32:14]: Status code: 200
[2026-06-08 22:32:14]: Downloading: /platform/memories/memories/128781584
[2026-06-08 22:32:14]: Status code: 200
[2026-06-08 22:32:14]: Downloading: /platform/memories/memories/26460605
[2026-06-08 22:32:15]: Status code: 200
[2026-06-08 22:32:15]: Downloading: /platform/tree/persons/LR7F-GMD/sources
[2026-06-08 22:32:16]: Status code: 200
[2026-06-08 22:32:16]: Downloading: /platform/memories/memories/241885532
[2026-06-08 22:32:16]: Status code: 200
[2026-06-08 22:32:16]: Downloading: /platform/memories/memories/15244186
[2026-06-08 22:32:17]: Status code: 200
[2026-06-08 22:32:17]: Downloading: /platform/tree/persons/9J9L-88G/sources
[2026-06-08 22:32:17]: Status code: 200
[2026-06-08 22:32:17]: Downloading: /platform/memories/memories/7739977
[2026-06-08 22:32:17]: Status code: 200
[2026-06-08 22:32:17]: Downloading: /platform/memories/memories/128781598
[2026-06-08 22:32:18]: Status code: 200
[2026-06-08 22:32:18]: Downloading: /platform/memories/memories/34551820
[2026-06-08 22:32:19]: Status code: 200
[2026-06-08 22:32:19]: Downloading: /platform/memories/memories/182517019
[2026-06-08 22:32:19]: Status code: 200
[2026-06-08 22:32:19]: Downloading: /platform/memories/memories/98217136
[2026-06-08 22:32:19]: Status code: 200
[2026-06-08 22:32:19]: Downloading: /platform/tree/persons/LH2N-QWF/sources
[2026-06-08 22:32:20]: Status code: 200
[2026-06-08 22:32:20]: Downloading: /platform/tree/persons/L5LS-NNQ/sources
[2026-06-08 22:32:20]: Status code: 200
[2026-06-08 22:32:20]: Downloading: /platform/memories/memories/225240932
[2026-06-08 22:32:21]: Status code: 200
[2026-06-08 22:32:21]: Downloading: /platform/memories/memories/98530314
[2026-06-08 22:32:21]: Status code: 200
[2026-06-08 22:32:21]: Downloading: /platform/memories/memories/128781605
[2026-06-08 22:32:22]: Status code: 200
[2026-06-08 22:32:22]: Downloading: /platform/memories/memories/224327649
[2026-06-08 22:32:23]: Status code: 200
[2026-06-08 22:32:23]: Downloading: /platform/memories/memories/224385976
[2026-06-08 22:32:23]: Status code: 200
[2026-06-08 22:32:23]: Downloading: /platform/memories/memories/173453438
[2026-06-08 22:32:23]: Status code: 200
[2026-06-08 22:32:23]: Downloading: /platform/memories/memories/182179413
[2026-06-08 22:32:24]: Status code: 200
[2026-06-08 22:32:24]: Downloading: /platform/memories/memories/165570900
[2026-06-08 22:32:24]: Status code: 200
[2026-06-08 22:32:24]: Downloading: /platform/memories/memories/240491097
[2026-06-08 22:32:25]: Status code: 200
[2026-06-08 22:32:25]: Downloading: /platform/memories/memories/223339431
[2026-06-08 22:32:25]: Status code: 200
[2026-06-08 22:32:25]: Downloading: /platform/memories/memories/128781620
[2026-06-08 22:32:26]: Status code: 200
[2026-06-08 22:32:26]: Downloading: /platform/memories/memories/72079023
[2026-06-08 22:32:26]: Status code: 200
[2026-06-08 22:32:26]: Downloading: /platform/memories/memories/182178144
[2026-06-08 22:32:27]: Status code: 200
[2026-06-08 22:32:27]: Downloading: /platform/memories/memories/240490513
[2026-06-08 22:32:27]: Status code: 200
[2026-06-08 22:32:27]: Downloading: /platform/memories/memories/118255980
[2026-06-08 22:32:28]: Status code: 200
[2026-06-08 22:32:28]: Downloading: /platform/memories/memories/240490134
[2026-06-08 22:32:28]: Status code: 200
[2026-06-08 22:32:28]: Downloading: /platform/memories/memories/182177944
[2026-06-08 22:32:29]: Status code: 200
[2026-06-08 22:32:29]: Downloading: /platform/memories/memories/236559826
[2026-06-08 22:32:29]: Status code: 200
[2026-06-08 22:32:29]: Downloading: /platform/memories/memories/91819582
[2026-06-08 22:32:30]: Status code: 200
[2026-06-08 22:32:30]: Downloading: /platform/memories/memories/50282511
[2026-06-08 22:32:30]: Status code: 200
[2026-06-08 22:32:30]: Downloading: /platform/memories/memories/241884761
[2026-06-08 22:32:31]: Status code: 200
[2026-06-08 22:32:31]: Status code: 200
[2026-06-08 22:32:31]: Downloading: /platform/memories/memories/15954064
[2026-06-08 22:32:31]: Downloading: /platform/memories/memories/163360352
[2026-06-08 22:32:32]: Status code: 200
[2026-06-08 22:32:32]: Downloading: /platform/memories/memories/108731877
[2026-06-08 22:32:32]: Status code: 200
[2026-06-08 22:32:32]: Downloading: /platform/memories/memories/15958393
[2026-06-08 22:32:33]: Status code: 200
[2026-06-08 22:32:33]: Downloading: /platform/memories/memories/7739982
[2026-06-08 22:32:33]: Status code: 200
[2026-06-08 22:32:33]: Downloading: /platform/memories/memories/50282387
[2026-06-08 22:32:34]: Status code: 200
[2026-06-08 22:32:34]: Downloading: /platform/memories/memories/108658716
[2026-06-08 22:32:35]: Status code: 200
[2026-06-08 22:32:35]: Downloading: /platform/memories/memories/2496552
[2026-06-08 22:32:35]: Status code: 200
[2026-06-08 22:32:35]: Downloading: /platform/memories/memories/182177794
[2026-06-08 22:32:35]: Status code: 200
[2026-06-08 22:32:35]: Downloading: /platform/memories/memories/73616099
[2026-06-08 22:32:37]: Status code: 200
[2026-06-08 22:32:37]: Downloading: /platform/memories/memories/160967972
[2026-06-08 22:32:37]: Status code: 200
[2026-06-08 22:32:37]: Downloading: /platform/memories/memories/29527730
[2026-06-08 22:32:37]: Status code: 200
[2026-06-08 22:32:37]: Downloading: /platform/tree/persons/LYSX-21V/sources
[2026-06-08 22:32:38]: Status code: 200
[2026-06-08 22:32:38]: Downloading: /platform/memories/memories/241882330
[2026-06-08 22:32:39]: Status code: 200
[2026-06-08 22:32:39]: Downloading: /platform/tree/persons/LCC8-Q71/sources
[2026-06-08 22:32:39]: Status code: 200
[2026-06-08 22:32:39]: Downloading: /platform/memories/memories/8496481
[2026-06-08 22:32:39]: Status code: 200
[2026-06-08 22:32:39]: Downloading: /platform/memories/memories/236559807
[2026-06-08 22:32:40]: Status code: 200
[2026-06-08 22:32:40]: Downloading: /platform/memories/memories/15958342
[2026-06-08 22:32:40]: Status code: 200
[2026-06-08 22:32:40]: Downloading: /platform/memories/memories/15954161
[2026-06-08 22:32:41]: Status code: 200
[2026-06-08 22:32:41]: Downloading: /platform/memories/memories/118668603
[2026-06-08 22:32:41]: Status code: 200
[2026-06-08 22:32:41]: Downloading: /platform/memories/memories/17190035
[2026-06-08 22:32:42]: Status code: 200
[2026-06-08 22:32:42]: Downloading: /platform/memories/memories/241882245
[2026-06-08 22:32:42]: Status code: 200
[2026-06-08 22:32:42]: Downloading: /platform/memories/memories/178789199
[2026-06-08 22:32:42]: Status code: 200
[2026-06-08 22:32:42]: Downloading: /platform/memories/memories/97222508
[2026-06-08 22:32:44]: Status code: 200
[2026-06-08 22:32:44]: Downloading: /platform/memories/memories/135843717
[2026-06-08 22:32:44]: Status code: 200
[2026-06-08 22:32:44]: Downloading: /platform/memories/memories/228400958
[2026-06-08 22:32:44]: Status code: 200
[2026-06-08 22:32:44]: Downloading: /platform/memories/memories/2496543
[2026-06-08 22:32:45]: Status code: 200
[2026-06-08 22:32:45]: Downloading: /platform/tree/persons/M8V1-4KM/sources
[2026-06-08 22:32:45]: Status code: 200
[2026-06-08 22:32:45]: Downloading: /platform/tree/persons/LZJB-S3D/sources
[2026-06-08 22:32:45]: Status code: 200
[2026-06-08 22:32:45]: Downloading: /platform/memories/memories/37794854
[2026-06-08 22:32:46]: Status code: 200
[2026-06-08 22:32:46]: Downloading: /platform/memories/memories/37794906
[2026-06-08 22:32:47]: Status code: 200
[2026-06-08 22:32:47]: Downloading: /platform/memories/memories/193008237
[2026-06-08 22:32:47]: Status code: 200
[2026-06-08 22:32:47]: Status code: 200
[2026-06-08 22:32:47]: Downloading: /platform/memories/memories/236559745
[2026-06-08 22:32:47]: Downloading: /platform/memories/memories/178788806
[2026-06-08 22:32:49]: Status code: 200
[2026-06-08 22:32:49]: Downloading: /platform/memories/memories/66994377
[2026-06-08 22:32:49]: Status code: 200
[2026-06-08 22:32:49]: Downloading: /platform/memories/memories/7896113
[2026-06-08 22:32:49]: Status code: 200
[2026-06-08 22:32:49]: Status code: 200
[2026-06-08 22:32:49]: Downloading: /platform/memories/memories/218684912
[2026-06-08 22:32:49]: Downloading: /platform/tree/persons/94DK-Y3B/sources
[2026-06-08 22:32:50]: Status code: 200
[2026-06-08 22:32:50]: Downloading: /platform/memories/memories/40153333
[2026-06-08 22:32:51]: Status code: 200
[2026-06-08 22:32:51]: Downloading: /platform/memories/memories/116338198
[2026-06-08 22:32:51]: Status code: 200
[2026-06-08 22:32:51]: Downloading: /platform/memories/memories/168299566
[2026-06-08 22:32:51]: Status code: 200
[2026-06-08 22:32:51]: Downloading: /platform/memories/memories/44249188
[2026-06-08 22:32:52]: Status code: 200
[2026-06-08 22:32:52]: Downloading: /platform/memories/memories/177659876
[2026-06-08 22:32:53]: Status code: 200
[2026-06-08 22:32:53]: Downloading: /platform/tree/persons/LZ29-NNL/sources
[2026-06-08 22:32:54]: Status code: 200
[2026-06-08 22:32:54]: Downloading: /platform/memories/memories/104869296
[2026-06-08 22:32:54]: Status code: 200
[2026-06-08 22:32:54]: Downloading: /platform/memories/memories/212205765
[2026-06-08 22:32:55]: Status code: 200
[2026-06-08 22:32:55]: Downloading: /platform/memories/memories/37794906
[2026-06-08 22:32:55]: Status code: 200
[2026-06-08 22:32:55]: Downloading: /platform/memories/memories/167153245
[2026-06-08 22:32:55]: Status code: 200
[2026-06-08 22:32:55]: Downloading: /platform/memories/memories/159168369
[2026-06-08 22:32:56]: Status code: 200
[2026-06-08 22:32:56]: Downloading: /platform/memories/memories/235837950
[2026-06-08 22:32:56]: Status code: 200
[2026-06-08 22:32:56]: Downloading: /platform/tree/persons/LCQJ-3RY/sources
[2026-06-08 22:32:57]: Status code: 200
[2026-06-08 22:32:57]: Downloading: /platform/memories/memories/135415842
[2026-06-08 22:32:58]: Status code: 200
[2026-06-08 22:32:58]: Downloading: /platform/memories/memories/135414983
[2026-06-08 22:32:58]: Status code: 200
[2026-06-08 22:32:58]: Downloading: /platform/memories/memories/100715782
[2026-06-08 22:32:59]: Status code: 200
[2026-06-08 22:32:59]: Downloading: /platform/memories/memories/235963043
[2026-06-08 22:32:59]: Status code: 200
[2026-06-08 22:32:59]: Downloading: /platform/memories/memories/121862847
[2026-06-08 22:33:00]: Status code: 200
[2026-06-08 22:33:00]: Downloading: /platform/memories/memories/66132899
[2026-06-08 22:33:00]: Status code: 200
[2026-06-08 22:33:00]: Downloading: /platform/memories/memories/130926009
[2026-06-08 22:33:01]: Status code: 200
[2026-06-08 22:33:01]: Downloading: /platform/memories/memories/131546727
[2026-06-08 22:33:01]: Status code: 200
[2026-06-08 22:33:01]: Downloading: /platform/memories/memories/21870398
[2026-06-08 22:33:02]: Status code: 200
[2026-06-08 22:33:02]: Status code: 200
[2026-06-08 22:33:02]: Downloading: /platform/memories/memories/87840992
[2026-06-08 22:33:02]: Downloading: /platform/memories/memories/145513257
[2026-06-08 22:33:03]: Status code: 200
[2026-06-08 22:33:03]: Status code: 200
[2026-06-08 22:33:03]: Downloading: /platform/memories/memories/37794854
[2026-06-08 22:33:03]: Downloading: /platform/memories/memories/112158737
[2026-06-08 22:33:04]: Status code: 200
[2026-06-08 22:33:04]: Downloading: /platform/tree/persons/KFGY-4C7/sources
[2026-06-08 22:33:04]: Status code: 200
[2026-06-08 22:33:04]: Downloading: /platform/memories/memories/32488519
[2026-06-08 22:33:04]: Status code: 200
[2026-06-08 22:33:04]: Downloading: /platform/tree/persons/KNDC-176/sources
[2026-06-08 22:33:04]: Status code: 200
[2026-06-08 22:33:04]: Downloading: /platform/memories/memories/155621776
[2026-06-08 22:33:05]: Status code: 200
[2026-06-08 22:33:05]: Downloading: /platform/memories/memories/4224257
[2026-06-08 22:33:06]: Status code: 200
[2026-06-08 22:33:06]: Downloading: /platform/memories/memories/143041308
[2026-06-08 22:33:07]: Status code: 200
[2026-06-08 22:33:07]: Status code: 200
[2026-06-08 22:33:07]: Downloading: /platform/memories/memories/23377243
[2026-06-08 22:33:07]: Downloading: /platform/tree/persons/KH5T-BBC/sources
[2026-06-08 22:33:08]: Status code: 200
[2026-06-08 22:33:08]: Downloading: /platform/memories/memories/212205765
[2026-06-08 22:33:08]: Status code: 200
[2026-06-08 22:33:08]: Downloading: /platform/memories/memories/237820163
[2026-06-08 22:33:09]: Status code: 200
[2026-06-08 22:33:09]: Downloading: /platform/memories/memories/121862847
[2026-06-08 22:33:09]: Status code: 200
[2026-06-08 22:33:09]: Downloading: /platform/memories/memories/70332462
[2026-06-08 22:33:10]: Status code: 200
[2026-06-08 22:33:10]: Downloading: /platform/memories/memories/235834676
[2026-06-08 22:33:10]: Status code: 200
[2026-06-08 22:33:10]: Downloading: /platform/memories/memories/149353381
[2026-06-08 22:33:11]: Status code: 200
[2026-06-08 22:33:11]: Downloading: /platform/memories/memories/227239263
[2026-06-08 22:33:11]: Status code: 200
[2026-06-08 22:33:11]: Downloading: /platform/memories/memories/35422868
[2026-06-08 22:33:12]: Status code: 200
[2026-06-08 22:33:12]: Downloading: /platform/memories/memories/155621776
[2026-06-08 22:33:12]: Status code: 200
[2026-06-08 22:33:12]: Downloading: /platform/memories/memories/110856571
[2026-06-08 22:33:13]: Status code: 200
[2026-06-08 22:33:13]: Downloading: /platform/memories/memories/125340843
[2026-06-08 22:33:13]: Status code: 200
[2026-06-08 22:33:13]: Downloading: /platform/memories/memories/14527241
[2026-06-08 22:33:14]: Status code: 200
[2026-06-08 22:33:14]: Downloading: /platform/memories/memories/225086738
[2026-06-08 22:33:14]: Status code: 200
[2026-06-08 22:33:14]: Downloading: /platform/memories/memories/3720756
[2026-06-08 22:33:15]: Status code: 200
[2026-06-08 22:33:15]: Downloading: /platform/memories/memories/10688919
[2026-06-08 22:33:15]: Status code: 200
[2026-06-08 22:33:15]: Downloading: /platform/memories/memories/224573525
[2026-06-08 22:33:16]: Status code: 200
[2026-06-08 22:33:16]: Downloading: /platform/memories/memories/224573525
[2026-06-08 22:33:16]: Status code: 200
[2026-06-08 22:33:16]: Downloading: /platform/tree/persons/GHQ1-4T8/sources
[2026-06-08 22:33:17]: Status code: 200
[2026-06-08 22:33:17]: Downloading: /platform/memories/memories/121493086
[2026-06-08 22:33:17]: Status code: 200
[2026-06-08 22:33:17]: Downloading: /platform/memories/memories/152955708
[2026-06-08 22:33:18]: Status code: 200
[2026-06-08 22:33:18]: Downloading: /platform/memories/memories/106392240
[2026-06-08 22:33:18]: Status code: 200
[2026-06-08 22:33:18]: Downloading: /platform/memories/memories/216953376
[2026-06-08 22:33:19]: Status code: 200
[2026-06-08 22:33:19]: Downloading: /platform/memories/memories/5657444
[2026-06-08 22:33:19]: Status code: 200
[2026-06-08 22:33:19]: Downloading: /platform/memories/memories/132116087
[2026-06-08 22:33:20]: Status code: 200
[2026-06-08 22:33:20]: Downloading: /platform/tree/persons/LZ4G-8WM/sources
[2026-06-08 22:33:20]: Status code: 200
[2026-06-08 22:33:20]: Downloading: /platform/memories/memories/191904290
[2026-06-08 22:33:21]: Status code: 200
[2026-06-08 22:33:21]: Downloading: /platform/memories/memories/135414980
[2026-06-08 22:33:21]: Status code: 200
[2026-06-08 22:33:21]: Downloading: /platform/tree/persons/LTT6-594/sources
[2026-06-08 22:33:22]: Status code: 200
[2026-06-08 22:33:22]: Downloading: /platform/memories/memories/104540450
[2026-06-08 22:33:22]: Status code: 200
[2026-06-08 22:33:22]: Downloading: /platform/memories/memories/211085541
[2026-06-08 22:33:23]: Status code: 200
[2026-06-08 22:33:23]: Downloading: /platform/memories/memories/183145018
[2026-06-08 22:33:23]: Status code: 200
[2026-06-08 22:33:23]: Downloading: /platform/memories/memories/142273612
[2026-06-08 22:33:24]: Status code: 200
[2026-06-08 22:33:24]: Downloading: /platform/memories/memories/155836969
[2026-06-08 22:33:24]: Status code: 200
[2026-06-08 22:33:24]: Downloading: /platform/tree/persons/M8C3-SKB/sources
[2026-06-08 22:33:25]: Status code: 200
[2026-06-08 22:33:25]: Downloading: /platform/tree/persons/MV5M-7H9/sources
[2026-06-08 22:33:25]: Status code: 200
[2026-06-08 22:33:25]: Downloading: /platform/memories/memories/181441412
[2026-06-08 22:33:26]: Status code: 200
[2026-06-08 22:33:26]: Downloading: /platform/memories/memories/135414981
[2026-06-08 22:33:26]: Status code: 200
[2026-06-08 22:33:26]: Downloading: /platform/memories/memories/30147561
[2026-06-08 22:33:27]: Status code: 200
[2026-06-08 22:33:27]: Downloading: /platform/memories/memories/175303593
[2026-06-08 22:33:27]: Status code: 200
[2026-06-08 22:33:27]: Downloading: /platform/memories/memories/135414982
[2026-06-08 22:33:28]: Status code: 200
[2026-06-08 22:33:28]: Status code: 200
[2026-06-08 22:33:28]: Downloading: /platform/memories/memories/103723624
[2026-06-08 22:33:28]: Downloading: /platform/memories/memories/121493086
[2026-06-08 22:33:29]: Status code: 200
[2026-06-08 22:33:29]: Downloading: /platform/memories/memories/135414983
[2026-06-08 22:33:29]: Status code: 200
[2026-06-08 22:33:29]: Downloading: /platform/memories/memories/147958852
[2026-06-08 22:33:30]: Status code: 200
[2026-06-08 22:33:30]: Downloading: /platform/memories/memories/10129165
[2026-06-08 22:33:30]: Status code: 200
[2026-06-08 22:33:30]: Downloading: /platform/memories/memories/103581815
[2026-06-08 22:33:31]: Status code: 200
[2026-06-08 22:33:31]: Downloading: /platform/memories/memories/150375320
[2026-06-08 22:33:31]: Status code: 200
[2026-06-08 22:33:31]: Downloading: /platform/memories/memories/69543869
[2026-06-08 22:33:32]: Status code: 200
[2026-06-08 22:33:32]: Downloading: /platform/memories/memories/224355156
[2026-06-08 22:33:32]: Status code: 200
[2026-06-08 22:33:32]: Downloading: /platform/tree/persons/LZPF-HBZ/sources
[2026-06-08 22:33:33]: Status code: 200
[2026-06-08 22:33:33]: Downloading: /platform/memories/memories/112368492
[2026-06-08 22:33:33]: Status code: 200
[2026-06-08 22:33:33]: Downloading: /platform/memories/memories/242056083
[2026-06-08 22:33:34]: Status code: 200
[2026-06-08 22:33:34]: Downloading: /platform/memories/memories/187098347
[2026-06-08 22:33:34]: Status code: 200
[2026-06-08 22:33:34]: Downloading: /platform/memories/memories/102029527
[2026-06-08 22:33:35]: Status code: 200
[2026-06-08 22:33:35]: Downloading: /platform/memories/memories/241965553
[2026-06-08 22:33:35]: Status code: 200
[2026-06-08 22:33:35]: Downloading: /platform/memories/memories/135457728
[2026-06-08 22:33:36]: Status code: 200
[2026-06-08 22:33:36]: Downloading: /platform/memories/memories/56259768
[2026-06-08 22:33:36]: Status code: 200
[2026-06-08 22:33:36]: Downloading: /platform/memories/memories/241321717
[2026-06-08 22:33:37]: Status code: 403
[2026-06-08 22:33:37]: HTTPError
[2026-06-08 22:33:37]: WARNING: code 403 from /platform/memories/memories/191904290 Failure in upstream call: Unable to read artifact description. (upstream 403)
[2026-06-08 22:33:37]: Downloading: /platform/memories/memories/188170737
[2026-06-08 22:33:37]: Status code: 200
[2026-06-08 22:33:37]: Downloading: /platform/memories/memories/37577243
[2026-06-08 22:33:38]: Status code: 200
[2026-06-08 22:33:38]: Downloading: /platform/memories/memories/70332462
[2026-06-08 22:33:38]: Status code: 200
[2026-06-08 22:33:38]: Downloading: /platform/memories/memories/106392655
[2026-06-08 22:33:39]: Status code: 200
[2026-06-08 22:33:39]: Downloading: /platform/memories/memories/27926516
[2026-06-08 22:33:39]: Status code: 200
[2026-06-08 22:33:39]: Downloading: /platform/memories/memories/188170702
[2026-06-08 22:33:40]: Status code: 200
[2026-06-08 22:33:40]: Downloading: /platform/memories/memories/106392608
[2026-06-08 22:33:40]: Status code: 200
[2026-06-08 22:33:40]: Downloading: /platform/memories/memories/188170665
[2026-06-08 22:33:41]: Status code: 200
[2026-06-08 22:33:41]: Status code: 200
[2026-06-08 22:33:41]: Downloading: /platform/memories/memories/220220089
[2026-06-08 22:33:41]: Downloading: /platform/memories/memories/188170640
[2026-06-08 22:33:42]: Status code: 200
[2026-06-08 22:33:42]: Downloading: /platform/memories/memories/140564963
[2026-06-08 22:33:42]: Status code: 200
[2026-06-08 22:33:42]: Downloading: /platform/memories/memories/171920160
[2026-06-08 22:33:43]: Status code: 200
[2026-06-08 22:33:43]: Downloading: /platform/memories/memories/188170606
[2026-06-08 22:33:43]: Status code: 200
[2026-06-08 22:33:43]: Downloading: /platform/memories/memories/220219807
[2026-06-08 22:33:44]: Status code: 200
[2026-06-08 22:33:44]: Downloading: /platform/memories/memories/171919907
[2026-06-08 22:33:44]: Status code: 200
[2026-06-08 22:33:44]: Downloading: /platform/memories/memories/5346010
[2026-06-08 22:33:45]: Status code: 200
[2026-06-08 22:33:45]: Downloading: /platform/memories/memories/197494684
[2026-06-08 22:33:45]: Status code: 200
[2026-06-08 22:33:45]: Downloading: /platform/tree/persons/GGR4-ZG4/sources
[2026-06-08 22:33:46]: Status code: 200
[2026-06-08 22:33:46]: Downloading: /platform/memories/memories/178427101
[2026-06-08 22:33:46]: Status code: 200
[2026-06-08 22:33:46]: Downloading: /platform/memories/memories/212205765
[2026-06-08 22:33:47]: Status code: 200
[2026-06-08 22:33:47]: Downloading: /platform/memories/memories/136474525
[2026-06-08 22:33:47]: Status code: 200
[2026-06-08 22:33:47]: Downloading: /platform/memories/memories/101844660
[2026-06-08 22:33:48]: Status code: 200
[2026-06-08 22:33:48]: Downloading: /platform/memories/memories/100862084
[2026-06-08 22:33:48]: Status code: 200
[2026-06-08 22:33:48]: Downloading: /platform/memories/memories/27738256
[2026-06-08 22:33:49]: Status code: 200
[2026-06-08 22:33:49]: Downloading: /platform/memories/memories/147642372
[2026-06-08 22:33:49]: Status code: 200
[2026-06-08 22:33:49]: Downloading: /platform/memories/memories/220219770
[2026-06-08 22:33:50]: Status code: 200
[2026-06-08 22:33:50]: Downloading: /platform/memories/memories/101844466
[2026-06-08 22:33:50]: Status code: 200
[2026-06-08 22:33:50]: Downloading: /platform/memories/memories/135414984
[2026-06-08 22:33:51]: Status code: 200
[2026-06-08 22:33:51]: Downloading: /platform/memories/memories/220219727
[2026-06-08 22:33:51]: Status code: 200
[2026-06-08 22:33:51]: Downloading: /platform/tree/persons/274J-48X/sources
[2026-06-08 22:33:52]: Status code: 200
[2026-06-08 22:33:52]: Status code: 200
[2026-06-08 22:33:52]: Downloading: /platform/memories/memories/220219521
[2026-06-08 22:33:52]: Downloading: /platform/memories/memories/135414978
[2026-06-08 22:33:53]: Status code: 200
[2026-06-08 22:33:53]: Downloading: /platform/memories/memories/68296401
[2026-06-08 22:33:53]: Status code: 200
[2026-06-08 22:33:53]: Downloading: /platform/memories/memories/197797541
[2026-06-08 22:33:54]: Status code: 200
[2026-06-08 22:33:54]: Downloading: /platform/memories/memories/135415252
[2026-06-08 22:33:54]: Status code: 200
[2026-06-08 22:33:54]: Downloading: /platform/memories/memories/106392240
[2026-06-08 22:33:55]: Status code: 200
[2026-06-08 22:33:55]: Downloading: /platform/memories/memories/110659417
[2026-06-08 22:33:55]: Status code: 200
[2026-06-08 22:33:55]: Downloading: /platform/memories/memories/135414977
[2026-06-08 22:33:56]: Status code: 200
[2026-06-08 22:33:56]: Downloading: /platform/memories/memories/106392222
[2026-06-08 22:33:56]: Status code: 200
[2026-06-08 22:33:56]: Downloading: /platform/tree/persons/LRZK-NP2/sources
[2026-06-08 22:33:57]: Status code: 200
[2026-06-08 22:33:57]: Downloading: /platform/memories/memories/68296834
[2026-06-08 22:33:57]: Status code: 200
[2026-06-08 22:33:57]: Downloading: /platform/memories/memories/135414967
[2026-06-08 22:33:58]: Status code: 200
[2026-06-08 22:33:58]: Downloading: /platform/memories/memories/27634748
[2026-06-08 22:33:58]: Status code: 200
[2026-06-08 22:33:58]: Downloading: /platform/memories/memories/106382664
[2026-06-08 22:33:59]: Status code: 200
[2026-06-08 22:33:59]: Downloading: /platform/memories/memories/222091899
[2026-06-08 22:33:59]: Status code: 200
[2026-06-08 22:33:59]: Downloading: /platform/memories/memories/37577239
[2026-06-08 22:34:00]: Status code: 200
[2026-06-08 22:34:00]: Downloading: /platform/memories/memories/220219384
[2026-06-08 22:34:00]: Status code: 200
[2026-06-08 22:34:00]: Downloading: /platform/memories/memories/222090646
[2026-06-08 22:34:01]: Status code: 200
[2026-06-08 22:34:01]: Downloading: /platform/memories/memories/45906044
[2026-06-08 22:34:01]: Status code: 200
[2026-06-08 22:34:01]: Downloading: /platform/memories/memories/135414968
[2026-06-08 22:34:02]: Status code: 200
[2026-06-08 22:34:02]: Downloading: /platform/memories/memories/100174436
[2026-06-08 22:34:02]: Status code: 200
[2026-06-08 22:34:02]: Downloading: /platform/tree/persons/MVGR-V6C/sources
[2026-06-08 22:34:03]: Status code: 200
[2026-06-08 22:34:03]: Downloading: /platform/memories/memories/81034059
[2026-06-08 22:34:03]: Status code: 200
[2026-06-08 22:34:03]: Downloading: /platform/memories/memories/135414971
[2026-06-08 22:34:04]: Status code: 200
[2026-06-08 22:34:04]: Status code: 200
[2026-06-08 22:34:04]: Downloading: /platform/memories/memories/101844294
[2026-06-08 22:34:04]: Downloading: /platform/memories/memories/69083625
[2026-06-08 22:34:05]: Status code: 200
[2026-06-08 22:34:05]: Downloading: /platform/memories/memories/206462797
[2026-06-08 22:34:05]: Status code: 200
[2026-06-08 22:34:05]: Downloading: /platform/memories/memories/135414969
[2026-06-08 22:34:06]: Status code: 200
[2026-06-08 22:34:06]: Downloading: /platform/memories/memories/92220189
[2026-06-08 22:34:06]: Status code: 200
[2026-06-08 22:34:06]: Downloading: /platform/memories/memories/135414972
[2026-06-08 22:34:07]: Status code: 200
[2026-06-08 22:34:07]: Downloading: /platform/memories/memories/187524482
[2026-06-08 22:34:07]: Status code: 200
[2026-06-08 22:34:07]: Downloading: /platform/memories/memories/34341787
[2026-06-08 22:34:08]: Status code: 200
[2026-06-08 22:34:08]: Downloading: /platform/memories/memories/28674239
[2026-06-08 22:34:08]: Status code: 200
[2026-06-08 22:34:08]: Downloading: /platform/memories/memories/9762612
[2026-06-08 22:34:09]: Status code: 200
[2026-06-08 22:34:09]: Status code: 200
[2026-06-08 22:34:09]: Downloading: /platform/memories/memories/45854379
[2026-06-08 22:34:09]: Downloading: /platform/memories/memories/218684912
[2026-06-08 22:34:10]: Status code: 200
[2026-06-08 22:34:10]: Downloading: /platform/memories/memories/108005831
[2026-06-08 22:34:10]: Status code: 200
[2026-06-08 22:34:10]: Downloading: /platform/memories/memories/25135943
[2026-06-08 22:34:11]: Status code: 200
[2026-06-08 22:34:11]: Downloading: /platform/memories/memories/35685208
[2026-06-08 22:34:11]: Status code: 200
[2026-06-08 22:34:11]: Downloading: /platform/memories/memories/37577241
[2026-06-08 22:34:12]: Status code: 200
[2026-06-08 22:34:12]: Downloading: /platform/memories/memories/29332868
[2026-06-08 22:34:12]: Status code: 200
[2026-06-08 22:34:12]: Downloading: /platform/memories/memories/187519286
[2026-06-08 22:34:13]: Status code: 200
[2026-06-08 22:34:13]: Downloading: /platform/memories/memories/37577242
[2026-06-08 22:34:13]: Status code: 200
[2026-06-08 22:34:13]: Downloading: /platform/memories/memories/101843539
[2026-06-08 22:34:14]: Status code: 200
[2026-06-08 22:34:14]: Downloading: /platform/memories/memories/97219391
[2026-06-08 22:34:14]: Status code: 200
[2026-06-08 22:34:14]: Downloading: /platform/memories/memories/182470128
[2026-06-08 22:34:15]: Status code: 200
[2026-06-08 22:34:15]: Downloading: /platform/memories/memories/218684912
[2026-06-08 22:34:15]: Status code: 200
[2026-06-08 22:34:15]: Downloading: /platform/memories/memories/182465766
[2026-06-08 22:34:16]: Status code: 200
[2026-06-08 22:34:16]: Downloading: /platform/memories/memories/37574253
[2026-06-08 22:34:16]: Status code: 200
[2026-06-08 22:34:16]: Downloading: /platform/memories/memories/217439273
[2026-06-08 22:34:17]: Status code: 200
[2026-06-08 22:34:17]: Downloading: /platform/memories/memories/154260060
[2026-06-08 22:34:17]: Status code: 200
[2026-06-08 22:34:17]: Downloading: /platform/memories/memories/216953376
[2026-06-08 22:34:18]: Status code: 200
[2026-06-08 22:34:18]: Status code: 200
[2026-06-08 22:34:18]: Downloading: /platform/memories/memories/203294130
[2026-06-08 22:34:18]: Downloading: /platform/memories/memories/108001329
[2026-06-08 22:34:19]: Status code: 200
[2026-06-08 22:34:19]: Downloading: /platform/memories/memories/105495103
[2026-06-08 22:34:19]: Status code: 200
[2026-06-08 22:34:19]: Downloading: /platform/memories/memories/212205765
[2026-06-08 22:34:20]: Status code: 200
[2026-06-08 22:34:20]: Downloading: /platform/memories/memories/87370812
[2026-06-08 22:34:20]: Status code: 200
[2026-06-08 22:34:20]: Downloading: /platform/memories/memories/25981977
[2026-06-08 22:34:21]: Status code: 200
[2026-06-08 22:34:21]: Downloading: /platform/memories/memories/37574254
[2026-06-08 22:34:21]: Status code: 200
[2026-06-08 22:34:21]: Downloading: /platform/memories/memories/35215593
[2026-06-08 22:34:22]: Status code: 200
[2026-06-08 22:34:22]: Downloading: /platform/memories/memories/70933804
[2026-06-08 22:34:22]: Status code: 200
[2026-06-08 22:34:22]: Downloading: /platform/memories/memories/188751040
[2026-06-08 22:34:23]: Status code: 200
[2026-06-08 22:34:23]: Downloading: /platform/memories/memories/4802061
[2026-06-08 22:34:23]: Status code: 200
[2026-06-08 22:34:23]: Downloading: /platform/memories/memories/154251005
[2026-06-08 22:34:24]: Status code: 200
[2026-06-08 22:34:24]: Downloading: /platform/memories/memories/105495104
[2026-06-08 22:34:24]: Status code: 200
[2026-06-08 22:34:24]: Downloading: /platform/memories/memories/180308410
[2026-06-08 22:34:25]: Status code: 200
[2026-06-08 22:34:25]: Downloading: /platform/memories/memories/21549547
[2026-06-08 22:34:25]: Status code: 200
[2026-06-08 22:34:25]: Downloading: /platform/memories/memories/104625374
[2026-06-08 22:34:26]: Status code: 200
[2026-06-08 22:34:26]: Downloading: /platform/memories/memories/45854373
[2026-06-08 22:34:26]: Status code: 200
[2026-06-08 22:34:26]: Downloading: /platform/memories/memories/37574255
[2026-06-08 22:34:27]: Status code: 200
[2026-06-08 22:34:27]: Status code: 200
[2026-06-08 22:34:27]: Downloading: /platform/memories/memories/2594710
[2026-06-08 22:34:27]: Downloading: /platform/memories/memories/38254918
[2026-06-08 22:34:28]: Status code: 403
[2026-06-08 22:34:28]: HTTPError
[2026-06-08 22:34:28]: WARNING: code 403 from /platform/memories/memories/180308410 Failure in upstream call: Unable to read artifact description. (upstream 403)
[2026-06-08 22:34:28]: Downloading: /platform/memories/memories/164960380
[2026-06-08 22:34:28]: Status code: 200
[2026-06-08 22:34:28]: Downloading: /platform/memories/memories/181279658
[2026-06-08 22:34:29]: Status code: 200
[2026-06-08 22:34:29]: Downloading: /platform/memories/memories/108734060
[2026-06-08 22:34:29]: Status code: 200
[2026-06-08 22:34:29]: Downloading: /platform/memories/memories/27455064
[2026-06-08 22:34:30]: Status code: 200
[2026-06-08 22:34:30]: Downloading: /platform/memories/memories/165658665
[2026-06-08 22:34:30]: Status code: 200
[2026-06-08 22:34:30]: Downloading: /platform/memories/memories/104954798
[2026-06-08 22:34:31]: Status code: 200
[2026-06-08 22:34:31]: Downloading: /platform/memories/memories/7850292
[2026-06-08 22:34:31]: Status code: 200
[2026-06-08 22:34:31]: Downloading: /platform/memories/memories/238563389
[2026-06-08 22:34:32]: Status code: 200
[2026-06-08 22:34:32]: Downloading: /platform/memories/memories/22684114
[2026-06-08 22:34:32]: Status code: 200
[2026-06-08 22:34:32]: Downloading: /platform/memories/memories/29333216
[2026-06-08 22:34:33]: Status code: 200
[2026-06-08 22:34:33]: Downloading: /platform/memories/memories/9947927
[2026-06-08 22:34:33]: Status code: 200
[2026-06-08 22:34:33]: Downloading: /platform/tree/persons/LZ4G-87D/sources
[2026-06-08 22:34:34]: Status code: 200
[2026-06-08 22:34:34]: Downloading: /platform/memories/memories/129692662
[2026-06-08 22:34:34]: Status code: 200
[2026-06-08 22:34:34]: Downloading: /platform/memories/memories/108733757
[2026-06-08 22:34:35]: Status code: 200
[2026-06-08 22:34:35]: Downloading: /platform/memories/memories/9352287
[2026-06-08 22:34:35]: Status code: 200
[2026-06-08 22:34:35]: Downloading: /platform/memories/memories/103723624
[2026-06-08 22:34:36]: Status code: 200
[2026-06-08 22:34:36]: Downloading: /platform/memories/memories/129692608
[2026-06-08 22:34:36]: Status code: 200
[2026-06-08 22:34:36]: Downloading: /platform/memories/memories/21551680
[2026-06-08 22:34:37]: Status code: 200
[2026-06-08 22:34:37]: Downloading: /platform/memories/memories/29502713
[2026-06-08 22:34:37]: Status code: 200
[2026-06-08 22:34:37]: Downloading: /platform/memories/memories/37574256
[2026-06-08 22:34:38]: Status code: 200
[2026-06-08 22:34:38]: Downloading: /platform/memories/memories/30028224
[2026-06-08 22:34:38]: Status code: 200
[2026-06-08 22:34:38]: Downloading: /platform/memories/memories/157263687
[2026-06-08 22:34:39]: Status code: 200
[2026-06-08 22:34:39]: Downloading: /platform/memories/memories/33439028
[2026-06-08 22:34:39]: Status code: 200
[2026-06-08 22:34:39]: Downloading: /platform/memories/memories/219956472
[2026-06-08 22:34:40]: Status code: 200
[2026-06-08 22:34:40]: Downloading: /platform/memories/memories/32845605
[2026-06-08 22:34:40]: Status code: 200
[2026-06-08 22:34:40]: Downloading: /platform/memories/memories/226449574
[2026-06-08 22:34:41]: Status code: 200
[2026-06-08 22:34:41]: Downloading: /platform/memories/memories/211681390
[2026-06-08 22:34:41]: Status code: 200
[2026-06-08 22:34:41]: Downloading: /platform/memories/memories/37553596
[2026-06-08 22:34:42]: Status code: 200
[2026-06-08 22:34:42]: Downloading: /platform/memories/memories/86826930
[2026-06-08 22:34:42]: Status code: 200
[2026-06-08 22:34:42]: Downloading: /platform/memories/memories/86544096
[2026-06-08 22:34:43]: Status code: 200
[2026-06-08 22:34:43]: Downloading: /platform/memories/memories/37553464
[2026-06-08 22:34:43]: Status code: 200
[2026-06-08 22:34:43]: Downloading: /platform/memories/memories/8295600
[2026-06-08 22:34:44]: Status code: 200
[2026-06-08 22:34:44]: Downloading: /platform/memories/memories/132086394
[2026-06-08 22:34:44]: Status code: 200
[2026-06-08 22:34:44]: Downloading: /platform/memories/memories/85232896
[2026-06-08 22:34:45]: Status code: 403
[2026-06-08 22:34:45]: HTTPError
[2026-06-08 22:34:45]: WARNING: code 403 from /platform/memories/memories/85232896 Failure in upstream call: Unable to read artifact description. (upstream 403)
[2026-06-08 22:34:45]: Downloading: /platform/memories/memories/125328333
[2026-06-08 22:34:45]: Status code: 200
[2026-06-08 22:34:45]: Downloading: /platform/memories/memories/32989092
[2026-06-08 22:34:46]: Status code: 200
[2026-06-08 22:34:46]: Downloading: /platform/memories/memories/33438898
[2026-06-08 22:34:46]: Status code: 200
[2026-06-08 22:34:46]: Downloading: /platform/tree/persons/MKZ5-48P/sources
[2026-06-08 22:34:47]: Status code: 200
[2026-06-08 22:34:47]: Downloading: /platform/memories/memories/133167230
[2026-06-08 22:34:47]: Status code: 200
[2026-06-08 22:34:47]: Downloading: /platform/memories/memories/135351478
[2026-06-08 22:34:48]: Status code: 200
[2026-06-08 22:34:48]: Downloading: /platform/memories/memories/21549547
[2026-06-08 22:34:48]: Status code: 200
[2026-06-08 22:34:48]: Downloading: /platform/memories/memories/215855718
[2026-06-08 22:34:49]: Status code: 200
[2026-06-08 22:34:49]: Downloading: /platform/memories/memories/86748339
[2026-06-08 22:34:49]: Status code: 200
[2026-06-08 22:34:49]: Downloading: /platform/memories/memories/161374462
[2026-06-08 22:34:50]: Status code: 200
[2026-06-08 22:34:50]: Downloading: /platform/memories/memories/9352289
[2026-06-08 22:34:50]: Status code: 200
[2026-06-08 22:34:50]: Downloading: /platform/memories/memories/208397165
[2026-06-08 22:34:51]: Status code: 200
[2026-06-08 22:34:51]: Downloading: /platform/memories/memories/7737705
[2026-06-08 22:34:51]: Status code: 200
[2026-06-08 22:34:51]: Downloading: /platform/memories/memories/101844660
[2026-06-08 22:34:52]: Status code: 200
[2026-06-08 22:34:52]: Downloading: /platform/memories/memories/86703954
[2026-06-08 22:34:52]: Status code: 200
[2026-06-08 22:34:52]: Downloading: /platform/memories/memories/21549547
[2026-06-08 22:34:53]: Status code: 200
[2026-06-08 22:34:53]: Status code: 200
[2026-06-08 22:34:53]: Downloading: /platform/memories/memories/15483821
[2026-06-08 22:34:53]: Downloading: /platform/memories/memories/135360032
[2026-06-08 22:34:54]: Status code: 200
[2026-06-08 22:34:54]: Downloading: /platform/memories/memories/37550478
[2026-06-08 22:34:54]: Status code: 200
[2026-06-08 22:34:54]: Downloading: /platform/memories/memories/129117356
[2026-06-08 22:34:55]: Status code: 200
[2026-06-08 22:34:55]: Downloading: /platform/memories/memories/45125293
[2026-06-08 22:34:55]: Status code: 200
[2026-06-08 22:34:55]: Downloading: /platform/memories/memories/101844466
[2026-06-08 22:34:56]: Status code: 200
[2026-06-08 22:34:56]: Status code: 200
[2026-06-08 22:34:56]: Downloading: /platform/memories/memories/86700998
[2026-06-08 22:34:56]: Downloading: /platform/tree/persons/K295-ZQ2/sources
[2026-06-08 22:34:57]: Status code: 200
[2026-06-08 22:34:57]: Downloading: /platform/memories/memories/5561492
[2026-06-08 22:34:57]: Status code: 200
[2026-06-08 22:34:57]: Downloading: /platform/memories/memories/34341784
[2026-06-08 22:34:58]: Status code: 200
[2026-06-08 22:34:58]: Downloading: /platform/memories/memories/196862304
[2026-06-08 22:34:58]: Status code: 200
[2026-06-08 22:34:58]: Downloading: /platform/memories/memories/154419730
[2026-06-08 22:34:59]: Status code: 200
[2026-06-08 22:34:59]: Downloading: /platform/memories/memories/37429410
[2026-06-08 22:34:59]: Status code: 200
[2026-06-08 22:34:59]: Downloading: /platform/memories/memories/117531595
[2026-06-08 22:35:00]: Status code: 200
[2026-06-08 22:35:00]: Downloading: /platform/memories/memories/86699930
[2026-06-08 22:35:00]: Status code: 200
[2026-06-08 22:35:00]: Downloading: /platform/memories/memories/110660215
[2026-06-08 22:35:01]: Status code: 200
[2026-06-08 22:35:01]: Downloading: /platform/memories/memories/75925878
[2026-06-08 22:35:01]: Status code: 200
[2026-06-08 22:35:01]: Downloading: /platform/memories/memories/37550478
[2026-06-08 22:35:02]: Status code: 200
[2026-06-08 22:35:02]: Downloading: /platform/memories/memories/101844294
[2026-06-08 22:35:02]: Status code: 200
[2026-06-08 22:35:02]: Downloading: /platform/memories/memories/37427271
[2026-06-08 22:35:03]: Status code: 200
[2026-06-08 22:35:03]: Downloading: /platform/memories/memories/19900839
[2026-06-08 22:35:03]: Status code: 200
[2026-06-08 22:35:03]: Downloading: /platform/memories/memories/227774650
[2026-06-08 22:35:04]: Status code: 200
[2026-06-08 22:35:04]: Downloading: /platform/memories/memories/21163043
[2026-06-08 22:35:04]: Status code: 200
[2026-06-08 22:35:04]: Downloading: /platform/memories/memories/101843539
[2026-06-08 22:35:05]: Downloading: /platform/tree/persons/LDK9-MZG/sources
[2026-06-08 22:35:05]: Downloading: /platform/tree/persons/GX7G-TWG/sources
[2026-06-08 22:35:05]: Downloading: /platform/tree/persons/L5KK-2WF/sources
[2026-06-08 22:35:05]: Downloading: /platform/tree/persons/LCX6-8FH/sources
[2026-06-08 22:35:05]: Downloading: /platform/tree/persons/LC6G-77M/sources
[2026-06-08 22:35:05]: Downloading: /platform/tree/persons/GHJ6-9PY/sources
[2026-06-08 22:35:05]: Downloading: /platform/tree/persons/LXMC-G2Q/sources
[2026-06-08 22:35:05]: Downloading: /platform/tree/persons/KF2Y-861/sources
[2026-06-08 22:35:05]: Downloading: /platform/tree/persons/L1MS-JV8/sources
[2026-06-08 22:35:05]: Downloading: /platform/tree/persons/MHCH-JVT/sources
[2026-06-08 22:35:05]: Downloading: /platform/tree/persons/KC8L-77R/sources
[2026-06-08 22:35:05]: Downloading: /platform/tree/persons/LC5P-GXM/sources
[2026-06-08 22:35:05]: Downloading: /platform/tree/persons/2WF4-247/sources
[2026-06-08 22:35:05]: Status code: 200
[2026-06-08 22:35:05]: Downloading: /platform/tree/persons/MMR3-5TM/sources
[2026-06-08 22:35:05]: Status code: 200
[2026-06-08 22:35:05]: Downloading: /platform/memories/memories/227196029
[2026-06-08 22:35:05]: Status code: 200
[2026-06-08 22:35:05]: Downloading: /platform/memories/memories/209495578
[2026-06-08 22:35:05]: Status code: 200
[2026-06-08 22:35:05]: Downloading: /platform/tree/persons/9CF5-PDP/sources
[2026-06-08 22:35:05]: Status code: 200
[2026-06-08 22:35:05]: Downloading: /platform/memories/memories/103144922
[2026-06-08 22:35:06]: Status code: 200
[2026-06-08 22:35:06]: Downloading: /platform/memories/memories/100151196
[2026-06-08 22:35:06]: Status code: 200
[2026-06-08 22:35:06]: Downloading: /platform/memories/memories/185886517
[2026-06-08 22:35:07]: Status code: 200
[2026-06-08 22:35:07]: Downloading: /platform/tree/persons/KNHF-8BQ/sources
[2026-06-08 22:35:07]: Status code: 200
[2026-06-08 22:35:07]: Downloading: /platform/memories/memories/88232116
[2026-06-08 22:35:08]: Status code: 200
[2026-06-08 22:35:08]: Downloading: /platform/memories/memories/96829866
[2026-06-08 22:35:08]: Status code: 200
[2026-06-08 22:35:08]: Downloading: /platform/tree/persons/LT4M-JV8/sources
[2026-06-08 22:35:09]: Status code: 200
[2026-06-08 22:35:09]: Downloading: /platform/memories/memories/185835062
[2026-06-08 22:35:09]: Status code: 200
[2026-06-08 22:35:09]: Downloading: /platform/memories/memories/88234461
[2026-06-08 22:35:10]: Status code: 200
[2026-06-08 22:35:10]: Downloading: /platform/memories/memories/113937362
[2026-06-08 22:35:10]: Status code: 200
[2026-06-08 22:35:10]: Downloading: /platform/memories/memories/203508965
[2026-06-08 22:35:11]: Status code: 200
[2026-06-08 22:35:11]: Downloading: /platform/memories/memories/178938208
[2026-06-08 22:35:11]: Status code: 200
[2026-06-08 22:35:11]: Downloading: /platform/memories/memories/197073488
[2026-06-08 22:35:12]: Status code: 404
[2026-06-08 22:35:12]: WARNING: /platform/memories/memories/197073488
[2026-06-08 22:35:12]: Downloading: /platform/memories/memories/1421237
[2026-06-08 22:35:12]: Status code: 200
[2026-06-08 22:35:12]: Downloading: /platform/memories/memories/226363018
[2026-06-08 22:35:13]: Status code: 200
[2026-06-08 22:35:13]: Downloading: /platform/memories/memories/189264518
[2026-06-08 22:35:13]: Status code: 200
[2026-06-08 22:35:13]: Downloading: /platform/tree/persons/GLDT-P3Z/sources
[2026-06-08 22:35:14]: Status code: 200
[2026-06-08 22:35:14]: Downloading: /platform/memories/memories/185835022
[2026-06-08 22:35:14]: Status code: 200
[2026-06-08 22:35:14]: Downloading: /platform/tree/persons/L5JG-W6B/sources
[2026-06-08 22:35:15]: Status code: 200
[2026-06-08 22:35:15]: Downloading: /platform/memories/memories/88485742
[2026-06-08 22:35:15]: Status code: 200
[2026-06-08 22:35:15]: Downloading: /platform/memories/memories/96829872
[2026-06-08 22:35:16]: Status code: 200
[2026-06-08 22:35:16]: Downloading: /platform/memories/memories/101455588
[2026-06-08 22:35:16]: Status code: 200
[2026-06-08 22:35:16]: Downloading: /platform/memories/memories/215379032
[2026-06-08 22:35:17]: Status code: 200
[2026-06-08 22:35:17]: Downloading: /platform/memories/memories/26854161
[2026-06-08 22:35:17]: Status code: 200
[2026-06-08 22:35:17]: Downloading: /platform/memories/memories/194364444
[2026-06-08 22:35:18]: Status code: 200
[2026-06-08 22:35:18]: Downloading: /platform/tree/persons/LC3G-SV9/sources
[2026-06-08 22:35:18]: Status code: 200
[2026-06-08 22:35:18]: Downloading: /platform/memories/memories/239017316
[2026-06-08 22:35:19]: Status code: 200
[2026-06-08 22:35:19]: Downloading: /platform/memories/memories/228691999
[2026-06-08 22:35:19]: Status code: 200
[2026-06-08 22:35:19]: Downloading: /platform/memories/memories/108755999
[2026-06-08 22:35:20]: Status code: 200
[2026-06-08 22:35:20]: Downloading: /platform/memories/memories/26854161
[2026-06-08 22:35:20]: Status code: 200
[2026-06-08 22:35:20]: Downloading: /platform/memories/memories/97306207
[2026-06-08 22:35:21]: Status code: 200
[2026-06-08 22:35:21]: Downloading: /platform/memories/memories/183402933
[2026-06-08 22:35:21]: Status code: 200
[2026-06-08 22:35:21]: Downloading: /platform/memories/memories/200420194
[2026-06-08 22:35:22]: Status code: 200
[2026-06-08 22:35:22]: Downloading: /platform/memories/memories/175384526
[2026-06-08 22:35:22]: Status code: 200
[2026-06-08 22:35:22]: Downloading: /platform/memories/memories/194364444
[2026-06-08 22:35:23]: Status code: 200
[2026-06-08 22:35:23]: Downloading: /platform/memories/memories/138797640
[2026-06-08 22:35:23]: Status code: 200
[2026-06-08 22:35:23]: Downloading: /platform/memories/memories/108756444
[2026-06-08 22:35:24]: Status code: 200
[2026-06-08 22:35:24]: Downloading: /platform/memories/memories/165884057
[2026-06-08 22:35:24]: Status code: 200
[2026-06-08 22:35:24]: Downloading: /platform/memories/memories/138797638
[2026-06-08 22:35:25]: Status code: 200
[2026-06-08 22:35:25]: Downloading: /platform/memories/memories/141241440
[2026-06-08 22:35:25]: Status code: 200
[2026-06-08 22:35:25]: Downloading: /platform/memories/memories/88488738
[2026-06-08 22:35:26]: Status code: 200
[2026-06-08 22:35:26]: Downloading: /platform/memories/memories/26460605
[2026-06-08 22:35:26]: Status code: 200
[2026-06-08 22:35:26]: Downloading: /platform/memories/memories/138797637
[2026-06-08 22:35:27]: Status code: 200
[2026-06-08 22:35:27]: Downloading: /platform/memories/memories/88542922
[2026-06-08 22:35:27]: Status code: 200
[2026-06-08 22:35:27]: Downloading: /platform/memories/memories/26460605
[2026-06-08 22:35:28]: Status code: 200
[2026-06-08 22:35:28]: Downloading: /platform/memories/memories/27412596
[2026-06-08 22:35:28]: Status code: 200
[2026-06-08 22:35:28]: Downloading: /platform/memories/memories/119179306
[2026-06-08 22:35:29]: Status code: 200
[2026-06-08 22:35:29]: Downloading: /platform/memories/memories/223575479
[2026-06-08 22:35:29]: Status code: 200
[2026-06-08 22:35:29]: Downloading: /platform/memories/memories/241452481
[2026-06-08 22:35:30]: Status code: 200
[2026-06-08 22:35:30]: Downloading: /platform/memories/memories/24642184
[2026-06-08 22:35:30]: Status code: 200
[2026-06-08 22:35:30]: Downloading: /platform/memories/memories/132948909
[2026-06-08 22:35:31]: Status code: 200
[2026-06-08 22:35:31]: Downloading: /platform/tree/persons/GMPC-TSW/sources
[2026-06-08 22:35:31]: Status code: 200
[2026-06-08 22:35:31]: Downloading: /platform/memories/memories/222009358
[2026-06-08 22:35:32]: Status code: 200
[2026-06-08 22:35:32]: Downloading: /platform/memories/memories/189264649
[2026-06-08 22:35:32]: Status code: 200
[2026-06-08 22:35:32]: Downloading: /platform/memories/memories/121776201
[2026-06-08 22:35:33]: Status code: 200
[2026-06-08 22:35:33]: Downloading: /platform/memories/memories/97219391
[2026-06-08 22:35:33]: Status code: 200
[2026-06-08 22:35:33]: Downloading: /platform/memories/memories/40290470
[2026-06-08 22:35:34]: Status code: 200
[2026-06-08 22:35:34]: Downloading: /platform/memories/memories/123752260
[2026-06-08 22:35:34]: Status code: 200
[2026-06-08 22:35:34]: Downloading: /platform/memories/memories/116123679
[2026-06-08 22:35:35]: Status code: 200
[2026-06-08 22:35:35]: Downloading: /platform/memories/memories/108664671
[2026-06-08 22:35:35]: Status code: 200
[2026-06-08 22:35:35]: Downloading: /platform/memories/memories/69787507
[2026-06-08 22:35:36]: Status code: 200
[2026-06-08 22:35:36]: Downloading: /platform/memories/memories/124044109
[2026-06-08 22:35:36]: Status code: 200
[2026-06-08 22:35:36]: Downloading: /platform/memories/memories/100322121
[2026-06-08 22:35:37]: Status code: 200
[2026-06-08 22:35:37]: Downloading: /platform/memories/memories/214750037
[2026-06-08 22:35:37]: Status code: 200
[2026-06-08 22:35:37]: Downloading: /platform/memories/memories/74537506
[2026-06-08 22:35:38]: Status code: 200
[2026-06-08 22:35:38]: Downloading: /platform/memories/memories/123751436
[2026-06-08 22:35:38]: Status code: 200
[2026-06-08 22:35:38]: Downloading: /platform/memories/memories/40038441
[2026-06-08 22:35:39]: Status code: 200
[2026-06-08 22:35:39]: Downloading: /platform/memories/memories/65637367
[2026-06-08 22:35:39]: Status code: 200
[2026-06-08 22:35:39]: Downloading: /platform/memories/memories/187525063
[2026-06-08 22:35:40]: Status code: 200
[2026-06-08 22:35:40]: Downloading: /platform/memories/memories/123750903
[2026-06-08 22:35:40]: Status code: 200
[2026-06-08 22:35:40]: Downloading: /platform/memories/memories/6078784
[2026-06-08 22:35:41]: Status code: 200
[2026-06-08 22:35:41]: Downloading: /platform/memories/memories/56699103
[2026-06-08 22:35:41]: Status code: 200
[2026-06-08 22:35:41]: Downloading: /platform/memories/memories/8496214
[2026-06-08 22:35:42]: Status code: 200
[2026-06-08 22:35:42]: Downloading: /platform/memories/memories/86826930
[2026-06-08 22:35:42]: Status code: 200
[2026-06-08 22:35:42]: Downloading: /platform/memories/memories/88226292
[2026-06-08 22:35:43]: Status code: 200
[2026-06-08 22:35:43]: Downloading: /platform/memories/memories/88234461
[2026-06-08 22:35:43]: Status code: 200
[2026-06-08 22:35:43]: Downloading: /platform/memories/memories/7859277
[2026-06-08 22:35:44]: Status code: 200
[2026-06-08 22:35:44]: Downloading: /platform/memories/memories/7859277
[2026-06-08 22:35:44]: Status code: 200
[2026-06-08 22:35:44]: Downloading: /platform/memories/memories/86686932
[2026-06-08 22:35:45]: Status code: 200
[2026-06-08 22:35:45]: Downloading: /platform/memories/memories/70322798
[2026-06-08 22:35:45]: Status code: 200
[2026-06-08 22:35:45]: Downloading: /platform/memories/memories/204838188
[2026-06-08 22:35:46]: Status code: 200
[2026-06-08 22:35:46]: Downloading: /platform/memories/memories/86690500
[2026-06-08 22:35:46]: Status code: 200
[2026-06-08 22:35:46]: Downloading: /platform/memories/memories/70129382
[2026-06-08 22:35:47]: Status code: 200
[2026-06-08 22:35:47]: Downloading: /platform/memories/memories/90264831
[2026-06-08 22:35:47]: Status code: 200
[2026-06-08 22:35:47]: Downloading: /platform/memories/memories/235838993
[2026-06-08 22:35:48]: Status code: 200
[2026-06-08 22:35:48]: Downloading: /platform/memories/memories/70126534
[2026-06-08 22:35:48]: Status code: 200
[2026-06-08 22:35:48]: Downloading: /platform/memories/memories/86699930
[2026-06-08 22:35:49]: Status code: 200
[2026-06-08 22:35:49]: Downloading: /platform/memories/memories/126876219
[2026-06-08 22:35:49]: Status code: 200
[2026-06-08 22:35:49]: Downloading: /platform/memories/memories/51364608
[2026-06-08 22:35:50]: Status code: 200
[2026-06-08 22:35:50]: Downloading: /platform/memories/memories/210642834
[2026-06-08 22:35:50]: Status code: 200
[2026-06-08 22:35:50]: Downloading: /platform/memories/memories/169857108
[2026-06-08 22:35:51]: Status code: 200
[2026-06-08 22:35:51]: Downloading: /platform/memories/memories/50004604
[2026-06-08 22:35:51]: Status code: 200
[2026-06-08 22:35:51]: Downloading: /platform/memories/memories/90251571
[2026-06-08 22:35:52]: Status code: 200
[2026-06-08 22:35:52]: Downloading: /platform/tree/persons/MN19-SFD/sources
[2026-06-08 22:35:52]: Status code: 200
[2026-06-08 22:35:52]: Downloading: /platform/memories/memories/142273612
[2026-06-08 22:35:53]: Status code: 200
[2026-06-08 22:35:53]: Downloading: /platform/memories/memories/20755122
[2026-06-08 22:35:53]: Status code: 200
[2026-06-08 22:35:53]: Downloading: /platform/memories/memories/140168243
[2026-06-08 22:35:54]: Status code: 200
[2026-06-08 22:35:54]: Downloading: /platform/memories/memories/124263470
[2026-06-08 22:35:54]: Status code: 200
[2026-06-08 22:35:54]: Downloading: /platform/memories/memories/8671963
[2026-06-08 22:35:55]: Status code: 200
[2026-06-08 22:35:55]: Downloading: /platform/memories/memories/126874433
[2026-06-08 22:35:55]: Status code: 200
[2026-06-08 22:35:55]: Downloading: /platform/memories/memories/227962135
[2026-06-08 22:35:56]: Status code: 200
[2026-06-08 22:35:56]: Downloading: /platform/memories/memories/125340843
[2026-06-08 22:35:56]: Status code: 200
[2026-06-08 22:35:56]: Downloading: /platform/memories/memories/30997590
[2026-06-08 22:35:57]: Status code: 200
[2026-06-08 22:35:57]: Downloading: /platform/memories/memories/20755122
[2026-06-08 22:35:57]: Status code: 200
[2026-06-08 22:35:57]: Downloading: /platform/memories/memories/18420713
[2026-06-08 22:35:58]: Status code: 200
[2026-06-08 22:35:58]: Downloading: /platform/memories/memories/189264637
[2026-06-08 22:35:58]: Status code: 200
[2026-06-08 22:35:58]: Downloading: /platform/memories/memories/236130140
[2026-06-08 22:35:59]: Status code: 200
[2026-06-08 22:35:59]: Downloading: /platform/memories/memories/110856571
[2026-06-08 22:35:59]: Status code: 200
[2026-06-08 22:35:59]: Downloading: /platform/memories/memories/166701839
[2026-06-08 22:36:00]: Status code: 200
[2026-06-08 22:36:00]: Downloading: /platform/memories/memories/51350451
[2026-06-08 22:36:00]: Status code: 200
[2026-06-08 22:36:00]: Downloading: /platform/tree/persons/LZJQ-N85/sources
[2026-06-08 22:36:01]: Status code: 200
[2026-06-08 22:36:01]: Downloading: /platform/memories/memories/189264589
[2026-06-08 22:36:01]: Status code: 200
[2026-06-08 22:36:01]: Downloading: /platform/memories/memories/97222508
[2026-06-08 22:36:02]: Status code: 200
[2026-06-08 22:36:02]: Downloading: /platform/tree/persons/9JFG-W7C/sources
[2026-06-08 22:36:02]: Status code: 200
[2026-06-08 22:36:02]: Downloading: /platform/tree/persons/LVFB-Q8D/sources
[2026-06-08 22:36:03]: Status code: 200
[2026-06-08 22:36:03]: Downloading: /platform/memories/memories/86703954
[2026-06-08 22:36:03]: Status code: 200
[2026-06-08 22:36:03]: Downloading: /platform/memories/memories/229023080
[2026-06-08 22:36:04]: Status code: 200
[2026-06-08 22:36:04]: Downloading: /platform/memories/memories/137198585
[2026-06-08 22:36:04]: Status code: 200
[2026-06-08 22:36:04]: Downloading: /platform/memories/memories/189264432
[2026-06-08 22:36:05]: Status code: 200
[2026-06-08 22:36:05]: Downloading: /platform/memories/memories/229023081
[2026-06-08 22:36:05]: Status code: 200
[2026-06-08 22:36:05]: Downloading: /platform/memories/memories/200629027
[2026-06-08 22:36:06]: Status code: 200
[2026-06-08 22:36:06]: Downloading: /platform/memories/memories/235838656
[2026-06-08 22:36:06]: Status code: 200
[2026-06-08 22:36:06]: Downloading: /platform/memories/memories/184581414
[2026-06-08 22:36:07]: Status code: 200
[2026-06-08 22:36:07]: Downloading: /platform/memories/memories/166701750
[2026-06-08 22:36:07]: Status code: 200
[2026-06-08 22:36:07]: Downloading: /platform/memories/memories/150375320
[2026-06-08 22:36:08]: Status code: 200
[2026-06-08 22:36:08]: Downloading: /platform/memories/memories/150375320
[2026-06-08 22:36:08]: Status code: 200
[2026-06-08 22:36:08]: Downloading: /platform/tree/persons/LZ2S-49Q/sources
[2026-06-08 22:36:09]: Status code: 200
[2026-06-08 22:36:09]: Downloading: /platform/tree/persons/MF1N-H6H/sources
[2026-06-08 22:36:09]: Status code: 200
[2026-06-08 22:36:09]: Downloading: /platform/memories/memories/49051328
[2026-06-08 22:36:10]: Status code: 200
[2026-06-08 22:36:10]: Downloading: /platform/memories/memories/17818428
[2026-06-08 22:36:10]: Status code: 200
[2026-06-08 22:36:10]: Downloading: /platform/tree/persons/GK42-315/sources
[2026-06-08 22:36:11]: Status code: 200
[2026-06-08 22:36:11]: Downloading: /platform/memories/memories/200255549
[2026-06-08 22:36:11]: Status code: 200
[2026-06-08 22:36:11]: Downloading: /platform/memories/memories/3720756
[2026-06-08 22:36:12]: Status code: 200
[2026-06-08 22:36:12]: Downloading: /platform/memories/memories/49051327
[2026-06-08 22:36:12]: Status code: 200
[2026-06-08 22:36:12]: Downloading: /platform/memories/memories/196367815
[2026-06-08 22:36:13]: Status code: 200
[2026-06-08 22:36:13]: Downloading: /platform/memories/memories/97219391
[2026-06-08 22:36:13]: Status code: 200
[2026-06-08 22:36:13]: Downloading: /platform/memories/memories/183566413
[2026-06-08 22:36:14]: Status code: 200
[2026-06-08 22:36:14]: Downloading: /platform/memories/memories/189264332
[2026-06-08 22:36:14]: Status code: 200
[2026-06-08 22:36:14]: Downloading: /platform/memories/memories/140756208
[2026-06-08 22:36:15]: Status code: 200
[2026-06-08 22:36:15]: Downloading: /platform/memories/memories/54739853
[2026-06-08 22:36:15]: Status code: 200
[2026-06-08 22:36:15]: Downloading: /platform/memories/memories/17818862
[2026-06-08 22:36:16]: Status code: 200
[2026-06-08 22:36:16]: Downloading: /platform/memories/memories/56379231
[2026-06-08 22:36:16]: Status code: 200
[2026-06-08 22:36:16]: Downloading: /platform/memories/memories/17818743
[2026-06-08 22:36:17]: Status code: 200
[2026-06-08 22:36:17]: Downloading: /platform/memories/memories/116179088
[2026-06-08 22:36:17]: Status code: 200
[2026-06-08 22:36:17]: Downloading: /platform/memories/memories/189264324
[2026-06-08 22:36:18]: Status code: 200
[2026-06-08 22:36:18]: Downloading: /platform/memories/memories/56379220
[2026-06-08 22:36:18]: Status code: 200
[2026-06-08 22:36:18]: Downloading: /platform/memories/memories/137198582
[2026-06-08 22:36:19]: Status code: 200
[2026-06-08 22:36:19]: Downloading: /platform/memories/memories/183145018
[2026-06-08 22:36:19]: Status code: 200
[2026-06-08 22:36:19]: Downloading: /platform/memories/memories/135763932
[2026-06-08 22:36:20]: Status code: 200
[2026-06-08 22:36:20]: Downloading: /platform/memories/memories/17818562
[2026-06-08 22:36:20]: Status code: 200
[2026-06-08 22:36:20]: Downloading: /platform/memories/memories/49969263
[2026-06-08 22:36:21]: Status code: 200
[2026-06-08 22:36:21]: Downloading: /platform/memories/memories/27412604
[2026-06-08 22:36:21]: Status code: 200
[2026-06-08 22:36:21]: Downloading: /platform/memories/memories/170254192
[2026-06-08 22:36:22]: Status code: 200
[2026-06-08 22:36:22]: Downloading: /platform/tree/persons/LCTG-BQK/sources
[2026-06-08 22:36:22]: Status code: 200
[2026-06-08 22:36:22]: Downloading: /platform/memories/memories/27412600
[2026-06-08 22:36:23]: Status code: 200
[2026-06-08 22:36:23]: Downloading: /platform/memories/memories/135763928
[2026-06-08 22:36:23]: Status code: 200
[2026-06-08 22:36:23]: Downloading: /platform/memories/memories/137187835
[2026-06-08 22:36:24]: Status code: 200
[2026-06-08 22:36:24]: Downloading: /platform/memories/memories/129600180
[2026-06-08 22:36:24]: Status code: 200
[2026-06-08 22:36:24]: Downloading: /platform/memories/memories/189264312
[2026-06-08 22:36:25]: Status code: 200
[2026-06-08 22:36:25]: Downloading: /platform/memories/memories/134949810
[2026-06-08 22:36:25]: Status code: 200
[2026-06-08 22:36:25]: Downloading: /platform/memories/memories/189264309
[2026-06-08 22:36:26]: Status code: 200
[2026-06-08 22:36:26]: Downloading: /platform/tree/persons/LVQM-277/sources
[2026-06-08 22:36:26]: Status code: 200
[2026-06-08 22:36:26]: Downloading: /platform/memories/memories/222009358
[2026-06-08 22:36:27]: Status code: 200
[2026-06-08 22:36:27]: Downloading: /platform/memories/memories/86544096
[2026-06-08 22:36:27]: Status code: 200
[2026-06-08 22:36:27]: Downloading: /platform/memories/memories/215400823
[2026-06-08 22:36:28]: Status code: 200
[2026-06-08 22:36:28]: Downloading: /platform/memories/memories/27412596
[2026-06-08 22:36:28]: Status code: 200
[2026-06-08 22:36:28]: Downloading: /platform/memories/memories/32989092
[2026-06-08 22:36:29]: Status code: 200
[2026-06-08 22:36:29]: Downloading: /platform/tree/persons/L1QZ-DVF/sources
[2026-06-08 22:36:29]: Status code: 200
[2026-06-08 22:36:29]: Downloading: /platform/memories/memories/5573195
[2026-06-08 22:36:30]: Status code: 200
[2026-06-08 22:36:30]: Downloading: /platform/memories/memories/115720043
[2026-06-08 22:36:30]: Status code: 200
[2026-06-08 22:36:30]: Downloading: /platform/tree/persons/L835-C6V/sources
[2026-06-08 22:36:31]: Status code: 200
[2026-06-08 22:36:31]: Downloading: /platform/memories/memories/189263248
[2026-06-08 22:36:31]: Status code: 200
[2026-06-08 22:36:31]: Downloading: /platform/tree/persons/MT66-XD5/sources
[2026-06-08 22:36:32]: Status code: 200
[2026-06-08 22:36:32]: Downloading: /platform/tree/persons/MMRG-23W/sources
[2026-06-08 22:36:32]: Status code: 200
[2026-06-08 22:36:32]: Downloading: /platform/memories/memories/109486020
[2026-06-08 22:36:33]: Status code: 200
[2026-06-08 22:36:33]: Downloading: /platform/memories/memories/83805160
[2026-06-08 22:36:33]: Status code: 200
[2026-06-08 22:36:33]: Downloading: /platform/memories/memories/227196029
[2026-06-08 22:36:34]: Status code: 200
[2026-06-08 22:36:34]: Downloading: /platform/memories/memories/113387951
[2026-06-08 22:36:34]: Status code: 200
[2026-06-08 22:36:34]: Downloading: /platform/memories/memories/210787977
[2026-06-08 22:36:35]: Status code: 200
[2026-06-08 22:36:35]: Downloading: /platform/memories/memories/184419031
[2026-06-08 22:36:35]: Status code: 200
[2026-06-08 22:36:35]: Downloading: /platform/memories/memories/29734104
[2026-06-08 22:36:36]: Status code: 200
[2026-06-08 22:36:36]: Downloading: /platform/memories/memories/195649771
[2026-06-08 22:36:36]: Status code: 200
[2026-06-08 22:36:36]: Downloading: /platform/memories/memories/91263861
[2026-06-08 22:36:37]: Status code: 200
[2026-06-08 22:36:37]: Downloading: /platform/tree/persons/LC8G-VQY/sources
[2026-06-08 22:36:37]: Status code: 200
[2026-06-08 22:36:37]: Downloading: /platform/memories/memories/91263848
[2026-06-08 22:36:38]: Status code: 200
[2026-06-08 22:36:38]: Downloading: /platform/memories/memories/109486021
[2026-06-08 22:36:38]: Status code: 200
[2026-06-08 22:36:38]: Downloading: /platform/memories/memories/121475424
[2026-06-08 22:36:39]: Status code: 200
[2026-06-08 22:36:39]: Downloading: /platform/memories/memories/96829866
[2026-06-08 22:36:39]: Status code: 200
[2026-06-08 22:36:39]: Downloading: /platform/memories/memories/113937039
[2026-06-08 22:36:40]: Status code: 200
[2026-06-08 22:36:40]: Downloading: /platform/memories/memories/116201521
[2026-06-08 22:36:40]: Status code: 200
[2026-06-08 22:36:40]: Downloading: /platform/memories/memories/120795724
[2026-06-08 22:36:41]: Status code: 200
[2026-06-08 22:36:41]: Downloading: /platform/memories/memories/29734104
[2026-06-08 22:36:41]: Status code: 200
[2026-06-08 22:36:41]: Downloading: /platform/memories/memories/91263837
[2026-06-08 22:36:42]: Status code: 200
[2026-06-08 22:36:42]: Downloading: /platform/memories/memories/190653991
[2026-06-08 22:36:42]: Status code: 200
[2026-06-08 22:36:42]: Downloading: /platform/memories/memories/160732854
[2026-06-08 22:36:43]: Status code: 200
[2026-06-08 22:36:43]: Downloading: /platform/memories/memories/184419103
[2026-06-08 22:36:43]: Status code: 200
[2026-06-08 22:36:43]: Downloading: /platform/memories/memories/190653990
[2026-06-08 22:36:44]: Status code: 200
[2026-06-08 22:36:44]: Downloading: /platform/tree/persons/MPK1-ZTM/sources
[2026-06-08 22:36:44]: Status code: 200
[2026-06-08 22:36:44]: Downloading: /platform/memories/memories/189262770
[2026-06-08 22:36:45]: Status code: 200
[2026-06-08 22:36:45]: Downloading: /platform/memories/memories/96829872
[2026-06-08 22:36:45]: Status code: 200
[2026-06-08 22:36:45]: Downloading: /platform/memories/memories/187910369
[2026-06-08 22:36:46]: Status code: 200
[2026-06-08 22:36:46]: Downloading: /platform/memories/memories/179488910
[2026-06-08 22:36:46]: Status code: 200
[2026-06-08 22:36:46]: Downloading: /platform/tree/persons/LYGM-MBK/sources
[2026-06-08 22:36:47]: Status code: 200
[2026-06-08 22:36:47]: Downloading: /platform/memories/memories/52041529
[2026-06-08 22:36:47]: Status code: 200
[2026-06-08 22:36:47]: Downloading: /platform/tree/persons/932G-RNW/sources
[2026-06-08 22:36:48]: Status code: 200
[2026-06-08 22:36:48]: Downloading: /platform/tree/persons/LDBK-GW7/sources
[2026-06-08 22:36:48]: Status code: 200
[2026-06-08 22:36:48]: Downloading: /platform/memories/memories/114572000
[2026-06-08 22:36:49]: Status code: 200
[2026-06-08 22:36:49]: Downloading: /platform/memories/memories/116878642
[2026-06-08 22:36:49]: Status code: 200
[2026-06-08 22:36:49]: Downloading: /platform/memories/memories/147958852
[2026-06-08 22:36:50]: Status code: 200
[2026-06-08 22:36:50]: Downloading: /platform/tree/persons/LYMN-TSB/sources
[2026-06-08 22:36:50]: Status code: 200
[2026-06-08 22:36:50]: Downloading: /platform/memories/memories/113937059
[2026-06-08 22:36:51]: Status code: 200
[2026-06-08 22:36:51]: Downloading: /platform/memories/memories/109486018
[2026-06-08 22:36:51]: Status code: 200
[2026-06-08 22:36:51]: Downloading: /platform/memories/memories/108017874
[2026-06-08 22:36:52]: Status code: 200
[2026-06-08 22:36:52]: Downloading: /platform/memories/memories/45906044
[2026-06-08 22:36:52]: Status code: 200
[2026-06-08 22:36:52]: Downloading: /platform/tree/persons/M5Q2-FQL/sources
[2026-06-08 22:36:53]: Status code: 200
[2026-06-08 22:36:53]: Downloading: /platform/memories/memories/113937060
[2026-06-08 22:36:53]: Status code: 200
[2026-06-08 22:36:53]: Downloading: /platform/memories/memories/2228831
[2026-06-08 22:36:54]: Status code: 200
[2026-06-08 22:36:54]: Downloading: /platform/tree/persons/PH8G-HFG/sources
[2026-06-08 22:36:54]: Status code: 200
[2026-06-08 22:36:54]: Downloading: /platform/memories/memories/125129013
[2026-06-08 22:36:55]: Status code: 200
[2026-06-08 22:36:55]: Downloading: /platform/memories/memories/20072510
[2026-06-08 22:36:55]: Status code: 200
[2026-06-08 22:36:55]: Downloading: /platform/tree/persons/GK4K-YT5/sources
[2026-06-08 22:36:56]: Status code: 200
[2026-06-08 22:36:56]: Downloading: /platform/memories/memories/167169070
[2026-06-08 22:36:56]: Status code: 200
[2026-06-08 22:36:56]: Downloading: /platform/memories/memories/97306207
[2026-06-08 22:36:57]: Status code: 200
[2026-06-08 22:36:57]: Downloading: /platform/tree/persons/KLY8-LLW/sources
[2026-06-08 22:36:57]: Status code: 200
[2026-06-08 22:36:57]: Downloading: /platform/memories/memories/163664909
[2026-06-08 22:36:58]: Status code: 200
[2026-06-08 22:36:58]: Downloading: /platform/memories/memories/170254456
[2026-06-08 22:36:58]: Status code: 200
[2026-06-08 22:36:58]: Downloading: /platform/memories/memories/168794511
[2026-06-08 22:36:59]: Status code: 200
[2026-06-08 22:36:59]: Downloading: /platform/tree/persons/LLWP-F3X/sources
[2026-06-08 22:36:59]: Status code: 200
[2026-06-08 22:36:59]: Downloading: /platform/memories/memories/17818532
[2026-06-08 22:37:00]: Status code: 200
[2026-06-08 22:37:00]: Downloading: /platform/memories/memories/17818489
[2026-06-08 22:37:00]: Status code: 200
[2026-06-08 22:37:00]: Downloading: /platform/tree/persons/KCLW-K52/sources
[2026-06-08 22:37:01]: Status code: 200
[2026-06-08 22:37:01]: Downloading: /platform/memories/memories/20072607
[2026-06-08 22:37:01]: Status code: 200
[2026-06-08 22:37:01]: Downloading: /platform/memories/memories/168794531
[2026-06-08 22:37:02]: Status code: 200
[2026-06-08 22:37:02]: Downloading: /platform/memories/memories/101229838
[2026-06-08 22:37:02]: Status code: 200
[2026-06-08 22:37:02]: Downloading: /platform/memories/memories/231427367
[2026-06-08 22:37:03]: Status code: 200
[2026-06-08 22:37:03]: Downloading: /platform/memories/memories/88405449
[2026-06-08 22:37:03]: Status code: 200
[2026-06-08 22:37:03]: Downloading: /platform/tree/persons/LZL7-5G2/sources
[2026-06-08 22:37:04]: Status code: 200
[2026-06-08 22:37:04]: Status code: 200
[2026-06-08 22:37:04]: Downloading: /platform/memories/memories/191904290
[2026-06-08 22:37:05]: Status code: 200
[2026-06-08 22:37:05]: Downloading: /platform/memories/memories/90251168
[2026-06-08 22:37:05]: Status code: 200
[2026-06-08 22:37:05]: Downloading: /platform/memories/memories/158766956
[2026-06-08 22:37:06]: Status code: 200
[2026-06-08 22:37:06]: Status code: 200
[2026-06-08 22:37:07]: Status code: 200
[2026-06-08 22:37:07]: Downloading: /platform/memories/memories/74933222
[2026-06-08 22:37:07]: Status code: 200
[2026-06-08 22:37:07]: Downloading: /platform/memories/memories/20072603
[2026-06-08 22:37:08]: Status code: 200
[2026-06-08 22:37:08]: Downloading: /platform/memories/memories/74932861
[2026-06-08 22:37:08]: Status code: 200
[2026-06-08 22:37:09]: Status code: 200
[2026-06-08 22:37:09]: Downloading: /platform/memories/memories/38548690
[2026-06-08 22:37:09]: Status code: 200
[2026-06-08 22:37:10]: Status code: 200
[2026-06-08 22:37:10]: Downloading: /platform/memories/memories/45854381
[2026-06-08 22:37:10]: Status code: 200
[2026-06-08 22:37:11]: Status code: 200
[2026-06-08 22:37:11]: Downloading: /platform/memories/memories/138198776
[2026-06-08 22:37:11]: Status code: 403
[2026-06-08 22:37:11]: HTTPError
[2026-06-08 22:37:11]: WARNING: code 403 from /platform/memories/memories/191904290 Failure in upstream call: Unable to read artifact description. (upstream 403)
[2026-06-08 22:37:11]: Downloading: /platform/memories/memories/100174436
[2026-06-08 22:37:12]: Status code: 200
[2026-06-08 22:37:12]: Downloading: /platform/memories/memories/170990119
[2026-06-08 22:37:12]: Status code: 200
[2026-06-08 22:37:12]: Downloading: /platform/memories/memories/231426973
[2026-06-08 22:37:13]: Status code: 200
[2026-06-08 22:37:13]: Downloading: /platform/memories/memories/70322798
[2026-06-08 22:37:13]: Status code: 200
[2026-06-08 22:37:13]: Downloading: /platform/memories/memories/15713697
[2026-06-08 22:37:14]: Status code: 200
[2026-06-08 22:37:14]: Status code: 200
[2026-06-08 22:37:14]: Downloading: /platform/memories/memories/170255292
[2026-06-08 22:37:15]: Status code: 200
[2026-06-08 22:37:15]: Downloading: /platform/memories/memories/70126534
[2026-06-08 22:37:15]: Status code: 200
[2026-06-08 22:37:15]: Downloading: /platform/memories/memories/74932796
[2026-06-08 22:37:16]: Status code: 200
[2026-06-08 22:37:16]: Downloading: /platform/memories/memories/224377386
[2026-06-08 22:37:16]: Status code: 200
[2026-06-08 22:37:16]: Downloading: /platform/memories/memories/57899473
[2026-06-08 22:37:17]: Status code: 200
[2026-06-08 22:37:17]: Downloading: /platform/memories/memories/20072591
[2026-06-08 22:37:17]: Status code: 200
[2026-06-08 22:37:17]: Downloading: /platform/memories/memories/200628975
[2026-06-08 22:37:18]: Status code: 200
[2026-06-08 22:37:18]: Downloading: /platform/memories/memories/215358635
[2026-06-08 22:37:18]: Status code: 200
[2026-06-08 22:37:18]: Downloading: /platform/memories/memories/239700529
[2026-06-08 22:37:19]: Status code: 200
[2026-06-08 22:37:19]: Downloading: /platform/memories/memories/123626662
[2026-06-08 22:37:19]: Status code: 200
[2026-06-08 22:37:19]: Downloading: /platform/memories/memories/215336162
[2026-06-08 22:37:20]: Status code: 200
[2026-06-08 22:37:20]: Downloading: /platform/memories/memories/20072620
[2026-06-08 22:37:20]: Status code: 200
[2026-06-08 22:37:20]: Downloading: /platform/memories/memories/115749625
[2026-06-08 22:37:21]: Status code: 200
[2026-06-08 22:37:21]: Status code: 200
[2026-06-08 22:37:22]: Status code: 200
[2026-06-08 22:37:22]: Downloading: /platform/memories/memories/19753423
[2026-06-08 22:37:22]: Status code: 200
[2026-06-08 22:37:22]: Downloading: /platform/memories/memories/74932685
[2026-06-08 22:37:23]: Status code: 200
[2026-06-08 22:37:23]: Downloading: /platform/memories/memories/74931904
[2026-06-08 22:37:23]: Status code: 200
[2026-06-08 22:37:23]: Downloading: /platform/memories/memories/50004604
[2026-06-08 22:37:24]: Status code: 200
[2026-06-08 22:37:24]: Downloading: /platform/memories/memories/186579465
[2026-06-08 22:37:24]: Status code: 200
[2026-06-08 22:37:24]: Downloading: /platform/memories/memories/135798739
[2026-06-08 22:37:25]: Status code: 200
[2026-06-08 22:37:25]: Downloading: /platform/memories/memories/84195028
[2026-06-08 22:37:25]: Status code: 200
[2026-06-08 22:37:25]: Downloading: /platform/memories/memories/49969263
[2026-06-08 22:37:26]: Status code: 200
[2026-06-08 22:37:26]: Downloading: /platform/memories/memories/104982077
[2026-06-08 22:37:26]: Status code: 200
[2026-06-08 22:37:26]: Downloading: /platform/memories/memories/74931404
[2026-06-08 22:37:27]: Status code: 200
[2026-06-08 22:37:27]: Downloading: /platform/memories/memories/115741328
[2026-06-08 22:37:27]: Status code: 403
[2026-06-08 22:37:27]: HTTPError
[2026-06-08 22:37:27]: WARNING: code 403 from /platform/memories/memories/104982077 Failure in upstream call: Unable to read artifact description. (upstream 403)
[2026-06-08 22:37:27]: Downloading: /platform/memories/memories/212679384
[2026-06-08 22:37:28]: Status code: 200
[2026-06-08 22:37:28]: Status code: 200
[2026-06-08 22:37:28]: Downloading: /platform/memories/memories/115721038
[2026-06-08 22:37:29]: Status code: 200
[2026-06-08 22:37:29]: Downloading: /platform/memories/memories/37223745
[2026-06-08 22:37:29]: Status code: 200
[2026-06-08 22:37:29]: Downloading: /platform/memories/memories/10927293
[2026-06-08 22:37:30]: Status code: 200
[2026-06-08 22:37:30]: Status code: 200
[2026-06-08 22:37:30]: Downloading: /platform/memories/memories/48350783
[2026-06-08 22:37:30]: Downloading: /platform/memories/memories/115720563
[2026-06-08 22:37:31]: Status code: 200
[2026-06-08 22:37:31]: Status code: 200
[2026-06-08 22:37:31]: Downloading: /platform/memories/memories/115719868
[2026-06-08 22:37:32]: Status code: 200
[2026-06-08 22:37:32]: Downloading: /platform/memories/memories/115719460
[2026-06-08 22:37:32]: Status code: 200
[2026-06-08 22:37:32]: Downloading: /platform/memories/memories/48344116
[2026-06-08 22:37:33]: Status code: 200
[2026-06-08 22:37:33]: Downloading: /platform/memories/memories/16706136
[2026-06-08 22:37:33]: Status code: 200
[2026-06-08 22:37:33]: Downloading: /platform/memories/memories/48344088
[2026-06-08 22:37:34]: Status code: 200
[2026-06-08 22:37:34]: Downloading: /platform/memories/memories/46949223
[2026-06-08 22:37:34]: Status code: 200
[2026-06-08 22:37:34]: Downloading: /platform/memories/memories/16706139
[2026-06-08 22:37:35]: Status code: 200
[2026-06-08 22:37:35]: Downloading: /platform/memories/memories/36321218
[2026-06-08 22:37:35]: Status code: 200
[2026-06-08 22:37:35]: Downloading: /platform/memories/memories/115707069
[2026-06-08 22:37:36]: Status code: 200
[2026-06-08 22:37:36]: Downloading: /platform/memories/memories/151589952
[2026-06-08 22:37:36]: Status code: 200
[2026-06-08 22:37:36]: Downloading: /platform/memories/memories/115706979
[2026-06-08 22:37:37]: Status code: 200
[2026-06-08 22:37:37]: Downloading: /platform/memories/memories/115704828
[2026-06-08 22:37:37]: Status code: 200
[2026-06-08 22:37:37]: Downloading: /platform/memories/memories/119271553
[2026-06-08 22:37:38]: Status code: 200
[2026-06-08 22:37:38]: Downloading: /platform/memories/memories/115704721
[2026-06-08 22:37:38]: Status code: 200
[2026-06-08 22:37:38]: Downloading: /platform/memories/memories/103164886
[2026-06-08 22:37:39]: Status code: 200
[2026-06-08 22:37:39]: Downloading: /platform/memories/memories/61924076
[2026-06-08 22:37:39]: Status code: 200
[2026-06-08 22:37:39]: Downloading: /platform/memories/memories/16706135
[2026-06-08 22:37:40]: Status code: 200
[2026-06-08 22:37:40]: Downloading: /platform/memories/memories/111699476
[2026-06-08 22:37:40]: Status code: 200
[2026-06-08 22:37:40]: Downloading: /platform/memories/memories/36321710
[2026-06-08 22:37:41]: Status code: 200
[2026-06-08 22:37:41]: Downloading: /platform/memories/memories/16706138
[2026-06-08 22:37:41]: Status code: 200
[2026-06-08 22:37:41]: Downloading: /platform/memories/memories/111659746
[2026-06-08 22:37:42]: Status code: 200
[2026-06-08 22:37:42]: Downloading: /platform/memories/memories/190764653
[2026-06-08 22:37:42]: Status code: 200
[2026-06-08 22:37:42]: Downloading: /platform/memories/memories/55034452
[2026-06-08 22:37:43]: Status code: 200
[2026-06-08 22:37:43]: Downloading: /platform/memories/memories/32844463
[2026-06-08 22:37:43]: Status code: 200
[2026-06-08 22:37:43]: Downloading: /platform/memories/memories/188478567
[2026-06-08 22:37:44]: Status code: 200
[2026-06-08 22:37:44]: Status code: 200
[2026-06-08 22:37:44]: Downloading: /platform/memories/memories/16706134
[2026-06-08 22:37:45]: Status code: 200
[2026-06-08 22:37:45]: Downloading: /platform/memories/memories/16706137
[2026-06-08 22:37:45]: Status code: 200
[2026-06-08 22:37:45]: Downloading: /platform/memories/memories/136673947
[2026-06-08 22:37:46]: Status code: 200
[2026-06-08 22:37:46]: Downloading: /platform/memories/memories/16706133
[2026-06-08 22:37:46]: Status code: 200
[2026-06-08 22:37:46]: Downloading: /platform/memories/memories/119765175
[2026-06-08 22:37:47]: Status code: 200
[2026-06-08 22:37:47]: Downloading: /platform/memories/memories/16706131
[2026-06-08 22:37:47]: Status code: 200
[2026-06-08 22:37:47]: Downloading: /platform/memories/memories/118526386
[2026-06-08 22:37:48]: Status code: 200
[2026-06-08 22:37:48]: Downloading: /platform/memories/memories/16706132
[2026-06-08 22:37:48]: Status code: 200
[2026-06-08 22:37:48]: Downloading: /platform/memories/memories/118516990
[2026-06-08 22:37:49]: Status code: 200
[2026-06-08 22:37:49]: Downloading: /platform/memories/memories/16706127
[2026-06-08 22:37:49]: Status code: 200
[2026-06-08 22:37:49]: Downloading: /platform/memories/memories/118516793
[2026-06-08 22:37:50]: Status code: 200
[2026-06-08 22:37:50]: Downloading: /platform/memories/memories/16706130
[2026-06-08 22:37:50]: Status code: 200
[2026-06-08 22:37:50]: Downloading: /platform/memories/memories/35647803
[2026-06-08 22:37:51]: Status code: 200
[2026-06-08 22:37:51]: Downloading: /platform/memories/memories/16706119
[2026-06-08 22:37:51]: Status code: 200
[2026-06-08 22:37:52]: Status code: 200
[2026-06-08 22:37:52]: Downloading: /platform/memories/memories/16706140
[2026-06-08 22:37:52]: Status code: 200
